Number,Repeat,latitude,longitude,WordCount,English,Common,Tagalog,Bikol,Cebuano,Hiligaynon,Ilocano,Kapampangan,Pangasinense,Waray,Zam,Spanish,3,4,5
147401,TRUE,10.1046193,123.6486163,11,0,0,0,0,0,0,4,5,0,0,0,0,Kapampangan,Kapampangan,Kapampangan
204814,TRUE,10.1046193,123.6486163,11,0,0,0,0,0,0,4,5,0,0,0,0,Kapampangan,Kapampangan,Kapampangan
205457,TRUE,10.1046193,123.6486163,11,0,0,0,0,0,0,4,5,0,0,0,0,Kapampangan,Kapampangan,Kapampangan
1474011,TRUE,10.1046193,123.6486163,11,0,0,0,0,0,0,4,5,0,0,0,0,Kapampangan,Kapampangan,Kapampangan
2048141,TRUE,10.1046193,123.6486163,11,0,0,0,0,0,0,4,5,0,0,0,0,Kapampangan,Kapampangan,Kapampangan
2054571,TRUE,10.1046193,123.6486163,11,0,0,0,0,0,0,4,5,0,0,0,0,Kapampangan,Kapampangan,Kapampangan
147401,TRUE,10.1046193,123.6486163,11,0,0,0,0,0,0,4,5,0,0,0,0,Ilocano,Ilocano,
204814,TRUE,10.1046193,123.6486163,11,0,0,0,0,0,0,4,5,0,0,0,0,Ilocano,Ilocano,
205457,TRUE,10.1046193,123.6486163,11,0,0,0,0,0,0,4,5,0,0,0,0,Ilocano,Ilocano,
1474011,TRUE,10.1046193,123.6486163,11,0,0,0,0,0,0,4,5,0,0,0,0,Ilocano,Ilocano,
2048141,TRUE,10.1046193,123.6486163,11,0,0,0,0,0,0,4,5,0,0,0,0,Ilocano,Ilocano,
2054571,TRUE,10.1046193,123.6486163,11,0,0,0,0,0,0,4,5,0,0,0,0,Ilocano,Ilocano,
146474,TRUE,10.1331549,124.8451148,16,1,9,3,0,0,0,0,0,0,0,0,1,Tagalog,,
146520,TRUE,10.1331549,124.8451148,16,1,9,3,0,0,0,0,0,0,0,0,1,Tagalog,,
147624,TRUE,10.1331549,124.8451148,16,1,9,3,0,0,0,0,0,0,0,0,1,Tagalog,,
147674,TRUE,10.1331549,124.8451148,16,1,9,3,0,0,0,0,0,0,0,0,1,Tagalog,,
147712,TRUE,10.1331549,124.8451148,16,1,9,3,0,0,0,0,0,0,0,0,1,Tagalog,,
204221,TRUE,10.1331549,124.8451148,16,1,9,3,0,0,0,0,0,0,0,0,1,Tagalog,,
205699,TRUE,10.1331549,124.8451148,16,1,9,3,0,0,0,0,0,0,0,0,1,Tagalog,,
86494,TRUE,10.1406832,123.6482371,8,3,1,0,0,3,0,0,0,0,0,0,0,Cebuano,,
86876,TRUE,10.1406832,123.6482371,8,3,1,0,0,3,0,0,0,0,0,0,0,Cebuano,,
87050,TRUE,10.1406832,123.6482371,8,3,1,0,0,3,0,0,0,0,0,0,0,Cebuano,,
147465,TRUE,10.1406832,123.6482371,8,3,1,0,0,3,0,0,0,0,0,0,0,Cebuano,,
204877,TRUE,10.1406832,123.6482371,8,3,1,0,0,3,0,0,0,0,0,0,0,Cebuano,,
205521,TRUE,10.1406832,123.6482371,8,3,1,0,0,3,0,0,0,0,0,0,0,Cebuano,,
147372,TRUE,10.1990651,123.7493023,19,0,8,0,0,3,0,1,0,0,0,0,1,Cebuano,,
204785,TRUE,10.1990651,123.7493023,19,0,8,0,0,3,0,1,0,0,0,0,1,Cebuano,,
205428,TRUE,10.1990651,123.7493023,19,0,8,0,0,3,0,1,0,0,0,0,1,Cebuano,,
145725,TRUE,10.2805816,122.8532437,9,2,4,0,0,0,3,0,0,0,0,0,0,Hiligaynon,,
145728,TRUE,10.2805816,122.8532437,9,2,4,0,0,0,3,0,0,0,0,0,0,Hiligaynon,,
145730,TRUE,10.2805816,122.8532437,9,2,4,0,0,0,3,0,0,0,0,0,0,Hiligaynon,,
203936,TRUE,10.2805816,122.8532437,9,2,4,0,0,0,3,0,0,0,0,0,0,Hiligaynon,,
204003,TRUE,10.2805816,122.8532437,9,2,4,0,0,0,3,0,0,0,0,0,0,Hiligaynon,,
204066,TRUE,10.2805816,122.8532437,9,2,4,0,0,0,3,0,0,0,0,0,0,Hiligaynon,,
145951,TRUE,10.33121144,123.90782953,12,2,4,1,0,0,0,0,0,0,3,0,0,Waray,,
146158,TRUE,10.33121144,123.90782953,12,2,4,1,0,0,0,0,0,0,3,0,0,Waray,,
146352,TRUE,10.33121144,123.90782953,12,2,4,1,0,0,0,0,0,0,3,0,0,Waray,,
202833,TRUE,10.34826425,123.9108421,18,11,2,0,0,0,0,1,0,0,3,0,0,Waray,,
203164,TRUE,10.34826425,123.9108421,18,11,2,0,0,0,0,1,0,0,3,0,0,Waray,,
143656,TRUE,10.3484637,123.9201518,15,0,6,1,1,0,0,0,0,0,3,0,0,Waray,,
144391,TRUE,10.3484637,123.9201518,15,0,6,1,1,0,0,0,0,0,3,0,0,Waray,,
143867,TRUE,10.3556706,123.9148762,10,2,3,0,0,3,1,0,0,0,0,0,0,Cebuano,,
144661,TRUE,10.3556706,123.9148762,10,2,3,0,0,3,1,0,0,0,0,0,0,Cebuano,,
143898,TRUE,10.3830501,123.9671229,21,6,4,0,0,1,0,0,0,0,4,0,0,Waray,Waray,
144698,TRUE,10.3830501,123.9671229,21,6,4,0,0,1,0,0,0,0,4,0,0,Waray,Waray,
145063,TRUE,10.3830501,123.9671229,21,6,4,0,0,1,0,0,0,0,4,0,0,Waray,Waray,
145251,FALSE,10.3852513,123.918059,11,4,2,0,0,3,0,0,0,0,0,0,0,Cebuano,,
143665,TRUE,10.3855254,123.9158615,12,4,2,0,0,1,0,0,0,0,3,0,0,Waray,,
144408,TRUE,10.3855254,123.9158615,12,4,2,0,0,1,0,0,0,0,3,0,0,Waray,,
144908,TRUE,10.3855254,123.9158615,12,4,2,0,0,1,0,0,0,0,3,0,0,Waray,,
26514,TRUE,10.3855353,123.9181348,20,4,10,0,0,3,0,0,0,0,0,0,0,Cebuano,,
86013,TRUE,10.3855353,123.9181348,20,4,10,0,0,3,0,0,0,0,0,0,0,Cebuano,,
145306,FALSE,10.393913,123.9190283,17,7,5,0,1,3,0,0,0,0,0,0,1,Cebuano,,
145590,FALSE,10.4326409,124.7262915,16,5,5,0,0,3,0,0,0,0,0,0,0,Cebuano,,
202851,TRUE,10.49123685,123.71553337,14,3,6,0,0,3,0,0,0,0,0,0,0,Cebuano,,
203187,TRUE,10.49123685,123.71553337,14,3,6,0,0,3,0,0,0,0,0,0,0,Cebuano,,
143763,TRUE,10.5212268,124.0099478,8,3,1,0,0,3,0,0,0,0,0,0,0,Cebuano,,
144525,TRUE,10.5212268,124.0099478,8,3,1,0,0,3,0,0,0,0,0,0,0,Cebuano,,
144966,TRUE,10.5212268,124.0099478,8,3,1,0,0,3,0,0,0,0,0,0,0,Cebuano,,
143053,TRUE,10.6022795,122.918393,13,2,5,3,0,1,0,0,0,0,1,0,1,Tagalog,,
202789,TRUE,10.6022795,122.918393,13,2,5,3,0,1,0,0,0,0,1,0,1,Tagalog,,
143104,FALSE,10.6022795,122.9183934,11,2,5,4,0,0,0,0,0,0,0,0,0,Tagalog,Tagalog,
201870,TRUE,10.61305916,122.96607467,18,3,7,0,0,0,3,1,0,0,0,0,2,Hiligaynon,,
202225,TRUE,10.61305916,122.96607467,18,3,7,0,0,0,3,1,0,0,0,0,2,Hiligaynon,,
202595,TRUE,10.61305916,122.96607467,18,3,7,0,0,0,3,1,0,0,0,0,2,Hiligaynon,,
25919,TRUE,10.6211448,123.063413,21,7,6,1,0,0,0,0,0,0,3,0,1,Waray,,
26143,TRUE,10.6211448,123.063413,21,7,6,1,0,0,0,0,0,0,3,0,1,Waray,,
83798,TRUE,10.6211448,123.063413,21,7,6,1,0,0,0,0,0,0,3,0,1,Waray,,
143244,TRUE,10.62124564,122.96868312,8,0,4,3,0,0,0,0,0,0,0,0,0,Tagalog,,
202068,TRUE,10.62124564,122.96868312,8,0,4,3,0,0,0,0,0,0,0,0,0,Tagalog,,
202450,TRUE,10.62124564,122.96868312,8,0,4,3,0,0,0,0,0,0,0,0,0,Tagalog,,
83241,TRUE,10.6788944,122.9621385,19,1,11,5,0,0,0,0,0,0,0,0,1,Tagalog,Tagalog,Tagalog
83454,TRUE,10.6788944,122.9621385,19,1,11,5,0,0,0,0,0,0,0,0,1,Tagalog,Tagalog,Tagalog
83658,TRUE,10.6788944,122.9621385,19,1,11,5,0,0,0,0,0,0,0,0,1,Tagalog,Tagalog,Tagalog
25303,TRUE,10.6794497,124.8011694,4,0,0,0,0,0,4,0,0,0,0,0,0,Hiligaynon,Hiligaynon,
25324,TRUE,10.6794497,124.8011694,4,0,0,0,0,0,4,0,0,0,0,0,0,Hiligaynon,Hiligaynon,
84367,TRUE,10.6794497,124.8011694,4,0,0,0,0,0,4,0,0,0,0,0,0,Hiligaynon,Hiligaynon,
83822,TRUE,10.6795558,123.0704306,5,1,0,0,0,0,0,0,0,0,3,0,0,Waray,,
83826,TRUE,10.6795558,123.0704306,4,0,0,0,0,0,0,0,0,0,3,0,0,Waray,,
83809,FALSE,10.6852723,123.0702085,13,2,4,2,0,0,0,0,0,0,3,0,0,Waray,,
200976,TRUE,10.69819112,122.97730564,4,0,0,0,0,0,0,4,0,0,0,0,0,Ilocano,Ilocano,
201058,TRUE,10.69819112,122.97730564,4,0,0,0,0,0,0,4,0,0,0,0,0,Ilocano,Ilocano,
201145,TRUE,10.69819112,122.97730564,4,0,0,0,0,0,0,4,0,0,0,0,0,Ilocano,Ilocano,
142301,FALSE,10.70233623,122.54128605,5,1,0,0,0,0,0,0,0,0,3,0,0,Waray,,
84043,TRUE,10.7171443,123.8194736,9,1,1,0,0,0,0,0,0,0,3,0,0,Waray,,
84046,TRUE,10.7171443,123.8194736,8,1,0,0,0,0,0,0,0,0,3,0,0,Waray,,
84265,TRUE,10.7171443,123.8194736,9,1,1,0,0,0,0,0,0,0,3,0,0,Waray,,
84268,TRUE,10.7171443,123.8194736,8,1,0,0,0,0,0,0,0,0,3,0,0,Waray,,
24798,FALSE,10.7654737,122.5342384,11,1,2,6,0,0,0,0,0,0,1,0,0,Tagalog,Tagalog,Tagalog
24829,FALSE,10.7684222,122.5787922,12,3,4,0,0,0,3,0,0,0,0,0,0,Hiligaynon,,
25091,TRUE,10.8382504,123.5037263,19,5,5,0,0,0,0,0,0,0,3,0,0,Waray,,
25203,TRUE,10.8382504,123.5037263,19,5,5,0,0,0,0,0,0,0,3,0,0,Waray,,
82304,TRUE,10.8382504,123.5037263,19,5,5,0,0,0,0,0,0,0,3,0,0,Waray,,
82420,TRUE,10.8382504,123.5037263,19,5,5,0,0,0,0,0,0,0,3,0,0,Waray,,
24396,TRUE,10.9875854,124.9725882,10,2,3,3,0,0,0,0,0,0,0,0,0,Tagalog,,
24510,TRUE,10.9875854,124.9725882,10,2,3,3,0,0,0,0,0,0,0,0,0,Tagalog,,
82817,TRUE,10.9875854,124.9725882,10,2,3,3,0,0,0,0,0,0,0,0,0,Tagalog,,
23361,FALSE,10.99858125,122.63538625,19,4,10,3,0,0,0,0,0,0,0,0,2,Tagalog,,
140166,FALSE,11.00615,122.62481,10,1,2,0,0,0,0,0,0,0,3,0,0,Waray,,
139943,TRUE,11.00705,122.62535,16,1,11,4,0,0,0,0,0,0,0,0,0,Tagalog,Tagalog,
139947,TRUE,11.00705,122.62535,15,2,9,4,0,0,0,0,0,0,0,0,0,Tagalog,Tagalog,
141069,TRUE,11.00705,122.62535,16,1,11,4,0,0,0,0,0,0,0,0,0,Tagalog,Tagalog,
141073,TRUE,11.00705,122.62535,15,2,9,4,0,0,0,0,0,0,0,0,0,Tagalog,Tagalog,
141375,TRUE,11.00705,122.62535,16,1,11,4,0,0,0,0,0,0,0,0,0,Tagalog,Tagalog,
141380,TRUE,11.00705,122.62535,15,2,9,4,0,0,0,0,0,0,0,0,0,Tagalog,Tagalog,
141488,TRUE,11.00705,122.62535,16,1,11,4,0,0,0,0,0,0,0,0,0,Tagalog,Tagalog,
141493,TRUE,11.00705,122.62535,15,2,9,4,0,0,0,0,0,0,0,0,0,Tagalog,Tagalog,
199541,TRUE,11.00705,122.62535,16,1,11,4,0,0,0,0,0,0,0,0,0,Tagalog,Tagalog,
199545,TRUE,11.00705,122.62535,15,2,9,4,0,0,0,0,0,0,0,0,0,Tagalog,Tagalog,
24597,TRUE,11.0411868,125.7169854,7,0,3,3,0,0,1,0,0,0,0,0,0,Tagalog,,
81800,TRUE,11.0411868,125.7169854,7,0,3,3,0,0,1,0,0,0,0,0,0,Tagalog,,
82867,TRUE,11.0411868,125.7169854,7,0,3,3,0,0,1,0,0,0,0,0,0,Tagalog,,
140914,TRUE,11.0411868,125.7169854,7,0,3,3,0,0,1,0,0,0,0,0,0,Tagalog,,
142145,TRUE,11.0411868,125.7169854,7,0,3,3,0,0,1,0,0,0,0,0,0,Tagalog,,
24595,TRUE,11.0411936,125.7168924,11,1,2,3,0,0,0,0,0,0,0,0,1,Tagalog,,
81798,TRUE,11.0411936,125.7168924,11,1,2,3,0,0,0,0,0,0,0,0,1,Tagalog,,
82865,TRUE,11.0411936,125.7168924,11,1,2,3,0,0,0,0,0,0,0,0,1,Tagalog,,
140912,TRUE,11.0411936,125.7168924,11,1,2,3,0,0,0,0,0,0,0,0,1,Tagalog,,
142143,TRUE,11.0411936,125.7168924,11,1,2,3,0,0,0,0,0,0,0,0,1,Tagalog,,
23860,TRUE,11.0522621,124.0105061,19,3,4,3,1,0,0,0,0,0,0,0,3,Tagalog,,
24050,TRUE,11.0522621,124.0105061,19,3,4,3,1,0,0,0,0,0,0,0,3,Tagalog,,
81127,TRUE,11.0522621,124.0105061,19,3,4,3,1,0,0,0,0,0,0,0,3,Tagalog,,
81315,TRUE,11.0522621,124.0105061,19,3,4,3,1,0,0,0,0,0,0,0,3,Tagalog,,
23322,TRUE,11.10486035,122.04413527,9,0,4,3,0,0,0,0,0,0,0,0,0,Tagalog,,
80762,TRUE,11.10486035,122.04413527,9,0,4,3,0,0,0,0,0,0,0,0,0,Tagalog,,
139920,TRUE,11.10486035,122.04413527,9,0,4,3,0,0,0,0,0,0,0,0,0,Tagalog,,
199397,TRUE,11.10486035,122.04413527,9,0,4,3,0,0,0,0,0,0,0,0,0,Tagalog,,
139911,TRUE,11.10491013,122.0438485,16,4,4,0,0,0,0,0,0,0,4,0,0,Waray,Waray,
140067,TRUE,11.10491013,122.0438485,16,4,4,0,0,0,0,0,0,0,4,0,0,Waray,Waray,
199390,TRUE,11.10491013,122.0438485,16,4,4,0,0,0,0,0,0,0,4,0,0,Waray,Waray,
199773,TRUE,11.1692005,123.8035974,12,2,4,3,0,0,1,0,0,0,0,0,1,Tagalog,,
199810,TRUE,11.1692005,123.8035974,12,2,4,3,0,0,1,0,0,0,0,0,1,Tagalog,,
199838,TRUE,11.1692005,123.8035974,12,2,4,3,0,0,1,0,0,0,0,0,1,Tagalog,,
139527,TRUE,11.1808509,124.9973513,10,2,3,3,0,0,0,0,0,0,0,0,0,Tagalog,,
139629,TRUE,11.1808509,124.9973513,10,2,3,3,0,0,0,0,0,0,0,0,0,Tagalog,,
140674,TRUE,11.1808509,124.9973513,10,2,3,3,0,0,0,0,0,0,0,0,0,Tagalog,,
140780,TRUE,11.1808509,124.9973513,10,2,3,3,0,0,0,0,0,0,0,0,0,Tagalog,,
140865,TRUE,11.1808509,124.9973513,10,2,3,3,0,0,0,0,0,0,0,0,0,Tagalog,,
23283,TRUE,11.1843763,123.9449143,10,1,5,0,0,3,0,0,0,0,0,0,0,Cebuano,,
23908,TRUE,11.1843763,123.9449143,10,1,5,0,0,3,0,0,0,0,0,0,0,Cebuano,,
24098,TRUE,11.1843763,123.9449143,10,1,5,0,0,3,0,0,0,0,0,0,0,Cebuano,,
81175,TRUE,11.1843763,123.9449143,10,1,5,0,0,3,0,0,0,0,0,0,0,Cebuano,,
81363,TRUE,11.1843763,123.9449143,10,1,5,0,0,3,0,0,0,0,0,0,0,Cebuano,,
139313,TRUE,11.1997621,124.7821353,13,1,8,3,0,0,0,0,0,0,0,0,0,Tagalog,,
139426,TRUE,11.1997621,124.7821353,13,1,8,3,0,0,0,0,0,0,0,0,0,Tagalog,,
139518,TRUE,11.1997621,124.7821353,13,1,8,3,0,0,0,0,0,0,0,0,0,Tagalog,,
140532,TRUE,11.1997621,124.7821353,13,1,8,3,0,0,0,0,0,0,0,0,0,Tagalog,,
140591,TRUE,11.1997621,124.7821353,13,1,8,3,0,0,0,0,0,0,0,0,0,Tagalog,,
199217,TRUE,11.1997621,124.7821353,13,1,8,3,0,0,0,0,0,0,0,0,0,Tagalog,,
199999,TRUE,11.1997621,124.7821353,13,1,8,3,0,0,0,0,0,0,0,0,0,Tagalog,,
23063,TRUE,11.3408412,122.6691892,12,4,2,3,0,0,0,0,0,0,0,0,2,Tagalog,,
79984,TRUE,11.3408412,122.6691892,12,4,2,3,0,0,0,0,0,0,0,0,2,Tagalog,,
20761,TRUE,11.4074612,122.5104589,13,1,6,3,0,0,0,0,0,0,0,0,1,Tagalog,,
22445,TRUE,11.4074612,122.5104589,13,1,6,3,0,0,0,0,0,0,0,0,1,Tagalog,,
22747,TRUE,11.4074612,122.5104589,13,1,6,3,0,0,0,0,0,0,0,0,1,Tagalog,,
79417,TRUE,11.4074612,122.5104589,13,1,6,3,0,0,0,0,0,0,0,0,1,Tagalog,,
79673,TRUE,11.4074612,122.5104589,13,1,6,3,0,0,0,0,0,0,0,0,1,Tagalog,,
23124,TRUE,11.4092729,122.5080071,10,1,6,3,0,0,0,0,0,0,0,0,0,Tagalog,,
80045,TRUE,11.4092729,122.5080071,10,1,6,3,0,0,0,0,0,0,0,0,0,Tagalog,,
20707,TRUE,11.49677753,122.59951782,11,2,5,3,0,0,0,0,0,0,0,0,0,Tagalog,,
20910,TRUE,11.49677753,122.59951782,11,2,5,3,0,0,0,0,0,0,0,0,0,Tagalog,,
138273,FALSE,11.5967637,122.749361,4,1,0,3,0,0,0,0,0,0,0,0,0,Tagalog,,
78602,FALSE,11.60205078,122.74091339,7,2,1,0,0,0,0,0,0,0,3,0,0,Waray,,
196580,TRUE,11.6439632,122.307865,9,0,4,3,0,0,0,0,0,0,0,0,1,Tagalog,,
197158,TRUE,11.6439632,122.307865,9,0,4,3,0,0,0,0,0,0,0,0,1,Tagalog,,
198000,TRUE,11.6439632,122.307865,9,0,4,3,0,0,0,0,0,0,0,0,1,Tagalog,,
198016,TRUE,11.6439632,122.307865,9,0,4,3,0,0,0,0,0,0,0,0,1,Tagalog,,
198105,TRUE,11.6439632,122.307865,9,0,4,3,0,0,0,0,0,0,0,0,1,Tagalog,,
19472,TRUE,11.6668313,122.315057,9,2,1,0,0,0,3,1,1,0,1,0,0,Hiligaynon,,
20642,TRUE,11.6668313,122.315057,9,2,1,0,0,0,3,1,1,0,1,0,0,Hiligaynon,,
20735,TRUE,11.6668313,122.315057,9,2,1,0,0,0,3,1,1,0,1,0,0,Hiligaynon,,
77144,TRUE,11.6668313,122.315057,9,2,1,0,0,0,3,1,1,0,1,0,0,Hiligaynon,,
137688,TRUE,11.6668313,122.315057,9,2,1,0,0,0,3,1,1,0,1,0,0,Hiligaynon,,
138011,TRUE,11.70299488,122.36838212,18,4,10,3,0,0,0,0,0,0,0,0,1,Tagalog,,
197759,TRUE,11.70299488,122.36838212,18,4,10,3,0,0,0,0,0,0,0,0,1,Tagalog,,
77390,TRUE,11.7159761,122.3539847,13,2,3,0,0,0,1,0,0,0,3,0,1,Waray,,
77901,TRUE,11.7159761,122.3539847,13,2,3,0,0,0,1,0,0,0,3,0,1,Waray,,
138314,TRUE,11.78051994,124.88738583,15,12,0,0,0,0,0,0,0,0,3,0,0,Waray,,
138399,TRUE,11.78051994,124.88738583,15,12,0,0,0,0,0,0,0,0,3,0,0,Waray,,
197895,TRUE,11.78052069,124.88739731,13,3,5,3,0,0,0,0,0,0,0,0,2,Tagalog,,
197937,TRUE,11.78052069,124.88739731,13,3,5,3,0,0,0,0,0,0,0,0,2,Tagalog,,
20253,TRUE,11.783581,124.891194,14,1,6,3,0,0,0,0,0,0,0,0,2,Tagalog,,
20502,TRUE,11.783581,124.891194,14,1,6,3,0,0,0,0,0,0,0,0,2,Tagalog,,
76514,TRUE,11.81049823,122.17762153,17,2,10,0,0,0,0,0,0,0,3,0,0,Waray,,
77264,TRUE,11.81049823,122.17762153,17,2,10,0,0,0,0,0,0,0,3,0,0,Waray,,
136249,TRUE,11.8105779,122.1782763,5,0,1,3,0,0,0,0,0,0,0,0,0,Tagalog,,
137930,TRUE,11.8105779,122.1782763,5,0,1,3,0,0,0,0,0,0,0,0,0,Tagalog,,
134960,TRUE,11.95264451,121.93316155,17,1,6,3,0,0,0,0,0,0,1,0,2,Tagalog,,
135324,TRUE,11.95264451,121.93316155,17,1,6,3,0,0,0,0,0,0,1,0,2,Tagalog,,
135694,TRUE,11.95264451,121.93316155,17,1,6,3,0,0,0,0,0,0,1,0,2,Tagalog,,
136146,TRUE,11.95264451,121.93316155,17,1,6,3,0,0,0,0,0,0,1,0,2,Tagalog,,
134383,TRUE,12.425158,125.04419,18,12,0,0,0,0,0,0,3,0,0,0,0,Kapampangan,,
134517,TRUE,12.425158,125.04419,18,12,0,0,0,0,0,0,3,0,0,0,0,Kapampangan,,
194355,TRUE,12.425158,125.04419,16,4,4,0,0,0,0,0,0,0,3,0,1,Waray,,
194452,TRUE,12.425158,125.04419,16,4,4,0,0,0,0,0,0,0,3,0,1,Waray,,
194539,TRUE,12.425158,125.04419,16,4,4,0,0,0,0,0,0,0,3,0,1,Waray,,
74718,TRUE,12.6654296,123.9252433,12,2,5,3,0,0,0,0,1,0,0,0,0,Tagalog,,
74753,TRUE,12.6654296,123.9252433,12,2,5,3,0,0,0,0,1,0,0,0,0,Tagalog,,
74782,TRUE,12.6654296,123.9252433,12,2,5,3,0,0,0,0,1,0,0,0,0,Tagalog,,
74853,TRUE,12.6654296,123.9252433,12,2,5,3,0,0,0,0,1,0,0,0,0,Tagalog,,
74886,TRUE,12.6654296,123.9252433,12,2,5,3,0,0,0,0,1,0,0,0,0,Tagalog,,
74917,TRUE,12.6654296,123.9252433,12,2,5,3,0,0,0,0,1,0,0,0,0,Tagalog,,
74944,TRUE,12.6654296,123.9252433,12,2,5,3,0,0,0,0,1,0,0,0,0,Tagalog,,
74714,TRUE,12.6654297,123.9252435,18,2,9,3,0,0,1,0,0,0,0,0,1,Tagalog,,
74748,TRUE,12.6654297,123.9252435,18,2,9,3,0,0,1,0,0,0,0,0,1,Tagalog,,
74777,TRUE,12.6654297,123.9252435,18,2,9,3,0,0,1,0,0,0,0,0,1,Tagalog,,
74849,TRUE,12.6654297,123.9252435,18,2,9,3,0,0,1,0,0,0,0,0,1,Tagalog,,
74881,TRUE,12.6654297,123.9252435,18,2,9,3,0,0,1,0,0,0,0,0,1,Tagalog,,
74912,TRUE,12.6654297,123.9252435,18,2,9,3,0,0,1,0,0,0,0,0,1,Tagalog,,
74939,TRUE,12.6654297,123.9252435,18,2,9,3,0,0,1,0,0,0,0,0,1,Tagalog,,
16969,TRUE,12.7486654,121.4893298,12,1,4,3,0,0,0,0,0,0,1,0,0,Tagalog,,
17019,TRUE,12.7486654,121.4893298,12,1,4,3,0,0,0,0,0,0,1,0,0,Tagalog,,
74662,TRUE,12.7486654,121.4893298,12,1,4,3,0,0,0,0,0,0,1,0,0,Tagalog,,
74155,TRUE,13.04457892,121.47462229,10,1,6,3,0,0,0,0,0,0,0,0,0,Tagalog,,
74310,TRUE,13.04457892,121.47462229,10,1,6,3,0,0,0,0,0,0,0,0,0,Tagalog,,
74352,FALSE,13.0656298,123.7074462,13,2,3,0,0,0,0,0,0,0,3,0,2,Waray,,
133680,TRUE,13.1420142,123.7440415,16,6,2,0,0,0,0,0,1,0,3,0,2,Waray,,
133787,TRUE,13.1420142,123.7440415,16,6,2,0,0,0,0,0,1,0,3,0,2,Waray,,
15991,TRUE,13.143255,123.727173,21,3,11,3,0,0,0,1,0,0,1,0,0,Tagalog,,
16619,TRUE,13.143255,123.727173,21,3,11,3,0,0,0,1,0,0,1,0,0,Tagalog,,
16720,TRUE,13.143255,123.727173,21,3,11,3,0,0,0,1,0,0,1,0,0,Tagalog,,
73653,FALSE,13.152336,123.7496333,8,3,1,0,0,0,0,0,0,0,3,0,0,Waray,,
73752,FALSE,13.1523375,123.7496349,6,0,1,4,0,0,0,0,0,0,0,0,0,Tagalog,Tagalog,
193434,FALSE,13.2336848,123.7710095,6,1,2,3,0,0,0,0,0,0,0,0,0,Tagalog,,
73117,TRUE,13.27404892,121.23987648,12,1,5,3,0,0,0,0,0,0,0,0,1,Tagalog,,
73170,TRUE,13.27404892,121.23987648,12,1,5,3,0,0,0,0,0,0,0,0,1,Tagalog,,
192869,TRUE,13.3549031,123.7305769,18,2,6,0,0,0,0,0,0,0,3,0,2,Waray,,
192958,TRUE,13.3549031,123.7305769,10,1,3,0,0,0,0,0,0,0,3,0,2,Waray,,
133186,FALSE,13.3553527,123.3656383,18,3,8,0,3,0,0,1,0,0,0,0,1,Bikol,,
132455,TRUE,13.3583015,123.3648801,8,0,5,3,0,0,0,0,0,0,0,0,0,Tagalog,,
132675,TRUE,13.3583015,123.3648801,8,0,5,3,0,0,0,0,0,0,0,0,0,Tagalog,,
15391,TRUE,13.358433,123.7292035,16,3,8,3,0,0,0,0,0,0,0,0,0,Tagalog,,
15709,TRUE,13.358433,123.7292035,16,3,8,3,0,0,0,0,0,0,0,0,0,Tagalog,,
14743,TRUE,13.3670142,123.3704324,17,8,2,0,0,0,0,0,0,4,0,0,0,Pangasinense,Pangasinense,
14958,TRUE,13.3670142,123.3704324,17,8,2,0,0,0,0,0,0,4,0,0,0,Pangasinense,Pangasinense,
192349,TRUE,13.3900519,123.373509,13,3,6,3,0,0,0,0,0,0,0,0,0,Tagalog,,
192672,TRUE,13.3900519,123.373509,13,3,6,3,0,0,0,0,0,0,0,0,0,Tagalog,,
192317,TRUE,13.3901372,123.3732074,15,3,7,4,0,0,0,0,0,0,0,0,0,Tagalog,Tagalog,
192639,TRUE,13.3901372,123.3732074,15,3,7,4,0,0,0,0,0,0,0,0,0,Tagalog,Tagalog,
72514,TRUE,13.3941769,121.8231903,18,4,7,4,0,0,0,0,0,0,0,0,2,Tagalog,Tagalog,
72564,TRUE,13.3941769,121.8231903,18,4,7,4,0,0,0,0,0,0,0,0,2,Tagalog,Tagalog,
72712,TRUE,13.4033857,123.3664773,13,3,1,0,0,0,0,0,4,0,0,0,0,Kapampangan,Kapampangan,
72801,TRUE,13.4033857,123.3664773,13,3,1,0,0,0,0,0,4,0,0,0,0,Kapampangan,Kapampangan,
72912,TRUE,13.4033857,123.3664773,13,3,1,0,0,0,0,0,4,0,0,0,0,Kapampangan,Kapampangan,
132145,FALSE,13.4056637,121.1713051,17,4,5,4,0,0,0,0,0,0,1,0,0,Tagalog,Tagalog,
131866,TRUE,13.410498,121.1756323,11,0,5,4,0,0,0,0,0,0,0,0,1,Tagalog,Tagalog,
191451,TRUE,13.410498,121.1756323,11,0,5,4,0,0,0,0,0,0,0,0,1,Tagalog,Tagalog,
191661,TRUE,13.410498,121.1756323,11,0,5,4,0,0,0,0,0,0,0,0,1,Tagalog,Tagalog,
15432,TRUE,13.41935525,123.43194215,19,11,3,0,0,0,0,0,0,0,3,0,1,Waray,,
15750,TRUE,13.41935525,123.43194215,19,11,3,0,0,0,0,0,0,0,3,0,1,Waray,,
15265,TRUE,13.41936636,123.41583259,3,0,0,0,0,0,3,0,0,0,0,0,0,Hiligaynon,,
15586,TRUE,13.41936636,123.41583259,3,0,0,0,0,0,3,0,0,0,0,0,0,Hiligaynon,,
192734,FALSE,13.4329366,123.5147182,9,3,3,3,0,0,0,0,0,0,0,0,0,Tagalog,,
72295,TRUE,13.5044794,120.9002584,16,1,9,3,0,0,0,0,0,0,0,0,1,Tagalog,,
72408,TRUE,13.5044794,120.9002584,16,1,9,3,0,0,0,0,0,0,0,0,1,Tagalog,,
131701,TRUE,13.5044794,120.9002584,16,1,9,3,0,0,0,0,0,0,0,0,1,Tagalog,,
191249,TRUE,13.5044794,120.9002584,16,1,9,3,0,0,0,0,0,0,0,0,1,Tagalog,,
130813,TRUE,13.6207093,123.18962,11,3,4,3,0,0,0,0,0,0,0,0,0,Tagalog,,
131102,TRUE,13.6207093,123.18962,11,3,4,3,0,0,0,0,0,0,0,0,0,Tagalog,,
131391,TRUE,13.6207093,123.18962,11,3,4,3,0,0,0,0,0,0,0,0,0,Tagalog,,
71380,TRUE,13.6207195,123.2325573,9,3,1,3,0,0,0,0,0,0,0,0,1,Tagalog,,
71657,TRUE,13.6207195,123.2325573,9,3,1,3,0,0,0,0,0,0,0,0,1,Tagalog,,
71925,TRUE,13.6207195,123.2325573,9,3,1,3,0,0,0,0,0,0,0,0,1,Tagalog,,
190556,TRUE,13.6557504,123.2041498,12,1,3,3,0,0,0,0,0,0,0,0,0,Tagalog,,
190797,TRUE,13.6557504,123.2041498,12,1,3,3,0,0,0,0,0,0,0,0,0,Tagalog,,
191019,TRUE,13.6557504,123.2041498,12,1,3,3,0,0,0,0,0,0,0,0,0,Tagalog,,
191091,FALSE,13.6571994,123.2049712,18,0,13,0,3,0,0,0,0,0,0,0,0,Bikol,,
71181,FALSE,13.66362369,121.37557103,10,2,1,3,0,0,0,0,0,0,0,0,1,Tagalog,,
130419,FALSE,13.7476888,120.9007836,11,3,3,3,0,0,0,0,0,0,0,0,1,Tagalog,,
189098,TRUE,13.7688737,121.0305285,8,0,3,1,0,0,0,0,0,0,3,0,0,Waray,,
189253,TRUE,13.7688737,121.0305285,8,0,3,1,0,0,0,0,0,0,3,0,0,Waray,,
189125,TRUE,13.7689007,121.0305146,16,2,7,3,0,0,0,0,0,0,0,0,2,Tagalog,,
189281,TRUE,13.7689007,121.0305146,16,2,7,3,0,0,0,0,0,0,0,0,2,Tagalog,,
129803,TRUE,13.81497,122.09738,14,0,3,0,1,0,0,0,1,1,3,0,0,Waray,,
130040,TRUE,13.81497,122.09738,14,0,3,0,1,0,0,0,1,1,3,0,0,Waray,,
189648,TRUE,13.81497,122.09738,14,0,3,0,1,0,0,0,1,1,3,0,0,Waray,,
128358,TRUE,13.9202626,122.103396,17,6,5,1,0,3,0,1,0,0,0,0,0,Cebuano,,
128568,TRUE,13.9202626,122.103396,17,6,5,1,0,3,0,1,0,0,0,0,0,Cebuano,,
128692,TRUE,13.9202626,122.103396,17,6,5,1,0,3,0,1,0,0,0,0,0,Cebuano,,
129980,TRUE,13.9202626,122.103396,17,6,5,1,0,3,0,1,0,0,0,0,0,Cebuano,,
188837,TRUE,13.9202626,122.103396,17,6,5,1,0,3,0,1,0,0,0,0,0,Cebuano,,
70309,FALSE,13.92765907,121.42714941,16,5,2,3,0,0,0,0,0,0,0,0,5,Tagalog,,
12552,TRUE,13.93306093,121.1555859,14,6,3,3,0,0,0,0,0,0,0,0,1,Tagalog,,
12769,TRUE,13.93306093,121.1555859,14,6,3,3,0,0,0,0,0,0,0,0,1,Tagalog,,
128270,TRUE,13.9705016,121.67932,17,4,5,4,0,0,0,0,0,0,0,0,0,Tagalog,Tagalog,
128483,TRUE,13.9705016,121.67932,17,4,5,4,0,0,0,0,0,0,0,0,0,Tagalog,Tagalog,
187867,TRUE,13.9708249,121.1661782,10,0,2,0,0,0,0,0,0,0,3,0,1,Waray,,
189364,TRUE,13.9708249,121.1661782,10,0,2,0,0,0,0,0,0,0,3,0,1,Waray,,
69342,TRUE,13.9729542,121.6824625,16,7,4,3,0,0,0,0,0,0,0,0,0,Tagalog,,
69506,TRUE,13.9729542,121.6824625,16,7,4,3,0,0,0,0,0,0,0,0,0,Tagalog,,
187218,TRUE,14.0710035,120.6345468,11,1,3,4,0,0,0,0,0,0,0,0,1,Tagalog,Tagalog,
187647,TRUE,14.0710035,120.6345468,11,1,3,4,0,0,0,0,0,0,0,0,1,Tagalog,Tagalog,
69115,TRUE,14.07822035,121.31242105,10,1,6,3,0,0,0,0,0,0,0,0,0,Tagalog,,
69246,TRUE,14.07822035,121.31242105,10,1,6,3,0,0,0,0,0,0,0,0,0,Tagalog,,
187084,TRUE,14.1266766,120.8316786,11,1,5,3,0,0,0,0,0,0,0,0,0,Tagalog,,
187500,TRUE,14.1266766,120.8316786,11,1,5,3,0,0,0,0,0,0,0,0,0,Tagalog,,
127235,TRUE,14.1291365,120.844871,12,0,6,3,0,0,0,0,0,0,0,0,2,Tagalog,,
127467,TRUE,14.1291365,120.844871,12,0,6,3,0,0,0,0,0,0,0,0,2,Tagalog,,
185710,TRUE,14.1355943,120.895545,14,2,6,3,0,0,0,0,2,0,0,0,0,Tagalog,,
186945,TRUE,14.1355943,120.895545,14,2,6,3,0,0,0,0,2,0,0,0,0,Tagalog,,
187345,TRUE,14.1355943,120.895545,14,2,6,3,0,0,0,0,2,0,0,0,0,Tagalog,,
11759,TRUE,14.14376878,121.31332753,15,2,7,3,0,0,0,0,0,0,1,0,1,Tagalog,,
13119,TRUE,14.14376878,121.31332753,15,2,7,3,0,0,0,0,0,0,1,0,1,Tagalog,,
127175,TRUE,14.1447664,120.9004806,19,3,8,3,0,0,0,0,0,0,0,0,1,Tagalog,,
127397,TRUE,14.1447664,120.9004806,19,3,8,3,0,0,0,0,0,0,0,0,1,Tagalog,,
186503,TRUE,14.149156,121.4618079,11,2,4,3,0,0,0,0,0,0,0,0,0,Tagalog,,
186650,TRUE,14.149156,121.4618079,11,2,4,3,0,0,0,0,0,0,0,0,0,Tagalog,,
188065,TRUE,14.149156,121.4618079,11,2,4,3,0,0,0,0,0,0,0,0,0,Tagalog,,
188279,TRUE,14.149156,121.4618079,11,2,4,3,0,0,0,0,0,0,0,0,0,Tagalog,,
127191,TRUE,14.1575459,120.8467631,13,0,3,3,0,0,0,0,0,1,0,0,0,Tagalog,,
127416,TRUE,14.1575459,120.8467631,13,0,3,3,0,0,0,0,0,1,0,0,0,Tagalog,,
67804,FALSE,14.1661178,121.3108587,8,0,5,3,0,0,0,0,0,0,0,0,0,Tagalog,,
68794,FALSE,14.1661729,121.2369751,12,0,8,4,0,0,0,0,0,0,0,0,0,Tagalog,Tagalog,
11174,TRUE,14.2020289,121.0971746,15,6,2,0,0,0,0,0,1,0,3,0,0,Waray,,
11362,TRUE,14.2020289,121.0971746,15,6,2,0,0,0,0,0,1,0,3,0,0,Waray,,
186092,FALSE,14.223259,121.1776812,10,2,4,3,0,0,0,0,0,0,0,0,0,Tagalog,,
67410,TRUE,14.246532,121.3973154,15,2,4,3,0,0,0,0,0,0,0,0,3,Tagalog,,
67668,TRUE,14.246532,121.3973154,15,2,4,3,0,0,0,0,0,0,0,0,3,Tagalog,,
126775,FALSE,14.27236366,121.42079926,10,0,3,3,0,0,0,0,0,1,0,0,0,Tagalog,,
12026,TRUE,14.2847285,122.6926283,11,1,2,2,0,0,0,0,0,0,3,0,0,Waray,,
12073,TRUE,14.2847285,122.6926283,11,1,2,2,0,0,0,0,0,0,3,0,0,Waray,,
67867,TRUE,14.2847285,122.6926283,11,1,2,2,0,0,0,0,0,0,3,0,0,Waray,,
67911,TRUE,14.2847285,122.6926283,11,1,2,2,0,0,0,0,0,0,3,0,0,Waray,,
127035,TRUE,14.2847285,122.6926283,11,1,2,2,0,0,0,0,0,0,3,0,0,Waray,,
127048,TRUE,14.2847285,122.6926283,11,1,2,2,0,0,0,0,0,0,3,0,0,Waray,,
186885,TRUE,14.2847285,122.6926283,11,1,2,2,0,0,0,0,0,0,3,0,0,Waray,,
186360,FALSE,14.3014147,121.4561334,10,0,5,3,0,0,0,0,0,0,0,0,0,Tagalog,,
185593,FALSE,14.3168166,120.7681743,6,0,1,0,0,0,0,0,0,0,3,0,0,Waray,,
185494,FALSE,14.3488031,120.9264589,10,0,6,3,0,0,0,0,0,0,0,0,0,Tagalog,,
125775,FALSE,14.3512911,121.0499188,12,1,2,3,1,0,0,1,0,0,1,0,1,Tagalog,,
125662,FALSE,14.3570966,120.9453126,4,0,1,3,0,0,0,0,0,0,0,0,0,Tagalog,,
126764,TRUE,14.3626717,121.483164,3,0,0,3,0,0,0,0,0,0,0,0,0,Tagalog,,
126948,TRUE,14.3626717,121.483164,3,0,0,3,0,0,0,0,0,0,0,0,0,Tagalog,,
184742,TRUE,14.3648299,121.4807835,11,0,4,1,0,0,0,0,0,0,3,0,0,Waray,,
185120,TRUE,14.3648299,121.4807835,11,0,4,1,0,0,0,0,0,0,3,0,0,Waray,,
126031,FALSE,14.3667038,120.9283101,5,0,2,3,0,0,0,0,0,0,0,0,0,Tagalog,,
67442,TRUE,14.3674338,121.3306302,17,1,5,0,0,0,0,0,0,0,3,0,1,Waray,,
67678,TRUE,14.3674338,121.3306302,17,1,5,0,0,0,0,0,0,0,3,0,1,Waray,,
67445,TRUE,14.3686074,121.3310385,18,3,8,3,0,0,0,1,0,0,1,0,0,Tagalog,,
67680,TRUE,14.3686074,121.3310385,18,3,8,3,0,0,0,1,0,0,1,0,0,Tagalog,,
125652,TRUE,14.3698041,121.0428651,12,1,4,1,0,0,0,0,0,0,3,0,0,Waray,,
126741,TRUE,14.3698041,121.0428651,12,1,4,1,0,0,0,0,0,0,3,0,0,Waray,,
66759,TRUE,14.3703103,121.3316534,13,1,6,3,0,0,0,0,0,0,0,0,1,Tagalog,,
67355,TRUE,14.3703103,121.3316534,13,1,6,3,0,0,0,0,0,0,0,0,1,Tagalog,,
9815,FALSE,14.3737336,120.9765754,15,4,8,3,0,0,0,0,0,0,0,0,0,Tagalog,,
185325,FALSE,14.384106,120.9289652,10,1,5,3,0,0,0,0,0,0,0,0,0,Tagalog,,
66352,FALSE,14.4003449,120.842773,9,1,3,3,0,0,1,0,0,0,1,0,0,Tagalog,,
10139,TRUE,14.42140777,121.44598942,4,0,0,3,0,0,0,0,0,0,0,0,0,Tagalog,,
10593,TRUE,14.42140777,121.44598942,4,0,0,3,0,0,0,0,0,0,0,0,0,Tagalog,,
10198,TRUE,14.4236916,121.4385139,12,2,3,0,0,0,0,0,0,5,0,0,0,Pangasinense,Pangasinense,Pangasinense
10645,TRUE,14.4236916,121.4385139,12,2,3,0,0,0,0,0,0,5,0,0,0,Pangasinense,Pangasinense,Pangasinense
184054,FALSE,14.4343847,120.484968,13,3,4,3,0,0,0,0,0,0,0,0,0,Tagalog,,
124710,TRUE,14.44029085,120.46219487,9,0,5,3,0,0,0,0,0,0,0,0,0,Tagalog,,
125001,TRUE,14.44029085,120.46219487,9,0,5,3,0,0,0,0,0,0,0,0,0,Tagalog,,
66164,FALSE,14.4547192,120.5753968,19,1,11,3,0,0,0,0,1,0,0,0,2,Tagalog,,
184672,TRUE,14.4580348,121.3411179,10,0,5,3,0,0,0,0,0,0,0,0,0,Tagalog,,
185054,TRUE,14.4580348,121.3411179,10,0,5,3,0,0,0,0,0,0,0,0,0,Tagalog,,
184698,TRUE,14.4729011,121.3180087,15,1,6,0,0,0,0,0,0,0,3,0,1,Waray,,
185080,TRUE,14.4729011,121.3180087,15,1,6,0,0,0,0,0,0,0,3,0,1,Waray,,
66271,FALSE,14.5973656,120.3927093,12,1,6,3,0,0,0,0,0,0,0,0,0,Tagalog,,
124702,FALSE,14.6062101,120.3895104,11,0,0,0,0,0,0,0,0,0,10,0,0,Waray,Waray,Waray
64892,TRUE,14.6066313,121.0842419,12,1,4,3,0,0,0,0,0,0,1,0,2,Tagalog,,
65052,TRUE,14.6066313,121.0842419,12,1,4,3,0,0,0,0,0,0,1,0,2,Tagalog,,
123709,FALSE,14.7110995,120.9353736,8,4,0,0,0,0,0,4,0,0,0,0,0,Ilocano,Ilocano,
64908,TRUE,14.7357239,121.1465629,6,0,2,0,0,0,0,0,0,0,3,0,0,Waray,,
65067,TRUE,14.7357239,121.1465629,6,0,2,0,0,0,0,0,0,0,3,0,0,Waray,,
64839,TRUE,14.7399496,121.0685512,20,13,2,3,0,0,0,0,0,2,0,0,0,Tagalog,,
65001,TRUE,14.7399496,121.0685512,20,13,2,3,0,0,0,0,0,2,0,0,0,Tagalog,,
123542,FALSE,14.7547825,121.1384397,22,15,2,0,0,0,0,0,0,0,3,0,0,Waray,,
123612,FALSE,14.7589892,121.1611584,5,0,1,3,0,0,0,0,0,0,1,0,0,Tagalog,,
123568,TRUE,14.7635976,121.0774848,15,4,3,7,0,0,0,0,0,0,0,0,0,Tagalog,Tagalog,Tagalog
123570,TRUE,14.7635976,121.0774848,17,2,7,3,0,1,0,0,0,0,1,0,2,Tagalog,,
123997,FALSE,14.7663268,120.9543166,11,3,3,3,0,0,0,0,0,0,1,0,0,Tagalog,,
123995,FALSE,14.766331,120.9548946,15,1,4,0,0,0,0,0,1,0,3,0,1,Waray,,
124128,FALSE,14.7681245,120.9837424,15,1,6,4,0,0,0,0,1,1,0,0,0,Tagalog,Tagalog,
124106,FALSE,14.77035577,121.08143136,18,5,6,4,0,0,0,0,0,0,0,0,2,Tagalog,Tagalog,
65658,FALSE,14.7739631,120.9395744,17,1,9,3,0,1,0,0,0,0,0,0,1,Tagalog,,
124078,FALSE,14.77544687,121.06470368,13,0,9,4,0,0,0,0,0,0,0,0,0,Tagalog,Tagalog,
124011,FALSE,14.77549616,121.06482941,17,3,10,4,0,0,0,0,0,0,0,0,0,Tagalog,Tagalog,
65660,FALSE,14.7778334,120.9504463,16,2,8,3,0,0,0,0,0,0,0,0,0,Tagalog,,
65423,FALSE,14.77876476,121.06450873,17,2,10,3,0,0,0,0,0,0,0,0,2,Tagalog,,
183668,FALSE,14.7817287,120.9628837,15,0,9,3,0,0,0,0,0,0,0,0,1,Tagalog,,
64731,FALSE,14.78561555,120.81089127,15,3,8,3,0,0,0,0,0,0,0,0,1,Tagalog,,
63385,TRUE,14.79279279,121.07606715,9,1,2,4,1,0,0,0,0,0,0,0,0,Tagalog,Tagalog,
63541,TRUE,14.79279279,121.07606715,9,1,2,4,1,0,0,0,0,0,0,0,0,Tagalog,Tagalog,
65151,TRUE,14.79279279,121.07606715,9,1,2,4,1,0,0,0,0,0,0,0,0,Tagalog,Tagalog,
183472,TRUE,14.7931578,121.0263427,15,3,7,3,0,0,0,1,0,0,0,0,0,Tagalog,,
183495,TRUE,14.7931578,121.0263427,20,6,5,3,0,0,0,1,0,0,0,0,0,Tagalog,,
183574,FALSE,14.7992673,121.0429686,3,0,0,0,0,0,0,0,3,0,0,0,0,Kapampangan,,
65411,FALSE,14.8007464,121.019494,9,0,5,3,0,0,0,0,0,0,0,0,0,Tagalog,,
63975,FALSE,14.8430855,120.9798874,12,6,2,0,0,0,0,0,0,0,3,0,0,Waray,,
63157,FALSE,14.8981819,120.8749305,20,6,8,3,0,0,0,0,0,0,0,0,2,Tagalog,,
123211,FALSE,14.9242613,120.2193204,18,5,7,3,0,0,0,0,1,0,0,0,1,Tagalog,,
182184,FALSE,14.9654438,120.1640419,7,1,2,3,0,0,0,0,0,0,0,0,0,Tagalog,,
182243,FALSE,14.9739366,120.1575636,9,1,3,0,0,0,0,0,0,0,3,0,0,Waray,,
122870,FALSE,15.0086692,120.5932049,12,2,2,3,0,0,0,0,0,1,1,0,0,Tagalog,,
122103,TRUE,15.03088993,120.68810223,15,0,2,0,0,0,0,1,8,0,0,0,0,Kapampangan,Kapampangan,Kapampangan
122305,TRUE,15.03088993,120.68810223,15,0,2,0,0,0,0,1,8,0,0,0,0,Kapampangan,Kapampangan,Kapampangan
122514,TRUE,15.03088993,120.68810223,15,0,2,0,0,0,0,1,8,0,0,0,0,Kapampangan,Kapampangan,Kapampangan
182738,FALSE,15.04313598,120.76856237,19,3,8,4,0,0,0,0,0,0,0,0,0,Tagalog,Tagalog,
62675,TRUE,15.0507156,120.6673937,20,11,0,0,0,0,0,0,0,0,7,0,0,Waray,Waray,Waray
62914,TRUE,15.0507156,120.6673937,20,11,0,0,0,0,0,0,0,0,7,0,0,Waray,Waray,Waray
182551,FALSE,15.0666046,120.6504884,6,1,2,0,0,0,0,0,3,0,0,0,0,Kapampangan,,
122177,TRUE,15.0684683,120.6517086,13,3,2,0,0,0,0,0,3,0,0,0,0,Kapampangan,,
122379,TRUE,15.0684683,120.6517086,13,3,2,0,0,0,0,0,3,0,0,0,0,Kapampangan,,
122584,TRUE,15.0684683,120.6517086,13,3,2,0,0,0,0,0,3,0,0,0,0,Kapampangan,,
122681,FALSE,15.13154926,120.59474084,4,1,0,3,0,0,0,0,0,0,0,0,0,Tagalog,,
9116,FALSE,15.1341261,120.9781248,9,4,2,3,0,0,0,0,0,0,0,0,0,Tagalog,,
122220,TRUE,15.1443757,120.5965793,14,2,7,3,0,0,1,0,0,0,0,0,0,Tagalog,,
122422,TRUE,15.1443757,120.5965793,14,2,7,3,0,0,1,0,0,0,0,0,0,Tagalog,,
122622,TRUE,15.1443757,120.5965793,14,2,7,3,0,0,1,0,0,0,0,0,0,Tagalog,,
182965,TRUE,15.1597003,120.9729211,7,2,1,3,0,0,0,0,0,0,0,0,0,Tagalog,,
183212,TRUE,15.1597003,120.9729211,7,2,1,3,0,0,0,0,0,0,0,0,0,Tagalog,,
182662,FALSE,15.17173582,120.59816442,13,4,1,0,0,0,0,0,4,0,0,0,1,Kapampangan,Kapampangan,
181927,TRUE,15.1722836,120.7642207,9,2,1,3,0,0,0,0,0,1,0,0,1,Tagalog,,
182631,TRUE,15.1722836,120.7642207,9,2,1,3,0,0,0,0,0,1,0,0,1,Tagalog,,
181492,FALSE,15.19752195,120.58073563,9,0,0,3,0,0,0,0,0,0,0,0,2,Tagalog,,
181451,FALSE,15.2095724,120.5853836,7,2,1,0,0,0,0,0,0,0,3,0,0,Waray,,
122990,FALSE,15.2194299,120.9867666,10,2,2,3,0,0,0,0,0,0,0,0,1,Tagalog,,
62121,FALSE,15.2908462,120.571897,16,5,5,0,0,0,0,0,4,0,1,0,0,Kapampangan,Kapampangan,
121305,FALSE,15.3263036,119.9665363,12,2,4,3,0,0,0,0,0,0,1,0,0,Tagalog,,
61789,FALSE,15.326304,119.9665353,8,0,3,0,0,0,0,0,0,0,3,0,0,Waray,,
181657,TRUE,15.33181013,120.66018024,19,1,12,3,0,0,1,0,0,0,0,0,2,Tagalog,,
181949,TRUE,15.33181013,120.66018024,19,1,12,3,0,0,1,0,0,0,0,0,2,Tagalog,,
182067,TRUE,15.33181013,120.66018024,19,1,12,3,0,0,1,0,0,0,0,0,2,Tagalog,,
121217,TRUE,15.3350917,119.9727039,18,5,2,4,0,0,0,0,0,1,0,0,2,Tagalog,Tagalog,
121487,TRUE,15.3350917,119.9727039,18,5,2,4,0,0,0,0,0,1,0,0,2,Tagalog,Tagalog,
181832,FALSE,15.3443525,120.9035136,19,2,9,3,0,0,0,0,1,0,0,0,2,Tagalog,,
7749,TRUE,15.36126468,120.51611351,12,2,5,3,0,0,0,0,0,0,0,0,0,Tagalog,,
62186,TRUE,15.36126468,120.51611351,12,2,5,3,0,0,0,0,0,0,0,0,0,Tagalog,,
60224,FALSE,15.4110901,120.6016317,7,1,1,3,0,0,0,0,0,0,0,0,0,Tagalog,,
180673,TRUE,15.4245435,120.5993608,6,1,2,3,0,0,0,0,0,0,0,0,0,Tagalog,,
181682,TRUE,15.4245435,120.5993608,6,1,2,3,0,0,0,0,0,0,0,0,0,Tagalog,,
182029,TRUE,15.4245435,120.5993608,6,1,2,3,0,0,0,0,0,0,0,0,0,Tagalog,,
181207,FALSE,15.43596804,120.93864122,11,2,3,3,0,0,0,0,0,0,0,0,1,Tagalog,,
60140,FALSE,15.44109547,120.59806456,14,5,5,3,0,0,0,0,0,0,0,0,1,Tagalog,,
120770,TRUE,15.44109561,120.59806835,13,5,3,3,0,0,0,0,0,0,0,0,0,Tagalog,,
121770,TRUE,15.44109561,120.59806835,13,5,3,3,0,0,0,0,0,0,0,0,0,Tagalog,,
120809,TRUE,15.44112689,120.598109,14,3,3,3,0,0,0,0,0,0,2,0,1,Tagalog,,
121808,TRUE,15.44112689,120.598109,14,3,3,3,0,0,0,0,0,0,2,0,1,Tagalog,,
121124,FALSE,15.45808583,120.94907856,10,3,2,3,0,0,0,0,0,0,0,0,1,Tagalog,,
7269,FALSE,15.48438876,120.97496699,3,0,0,3,0,0,0,0,0,0,0,0,0,Tagalog,,
7450,FALSE,15.5056499,120.9704596,4,0,0,0,0,0,0,0,3,0,0,0,0,Kapampangan,,
59829,TRUE,15.51474523,120.56348372,13,3,5,3,0,0,0,0,0,0,1,0,0,Tagalog,,
60118,TRUE,15.51474523,120.56348372,13,3,5,3,0,0,0,0,0,0,1,0,0,Tagalog,,
60517,FALSE,15.52125814,120.62318866,16,1,3,3,1,0,0,0,0,0,0,0,2,Tagalog,,
180897,TRUE,15.5295157,120.987182,10,1,4,3,0,0,0,0,0,0,0,0,1,Tagalog,,
181115,TRUE,15.5295157,120.987182,10,1,4,3,0,0,0,0,0,0,0,0,1,Tagalog,,
59692,TRUE,15.5337192,119.958618,16,2,8,3,0,0,0,1,0,0,0,0,1,Tagalog,,
59750,TRUE,15.5337192,119.958618,16,2,8,3,0,0,0,1,0,0,0,0,1,Tagalog,,
118291,TRUE,15.7255586,120.9197773,9,0,4,3,0,0,0,0,0,0,0,0,0,Tagalog,,
118308,TRUE,15.7255586,120.9197773,7,0,2,3,0,0,0,0,0,0,0,0,0,Tagalog,,
119115,TRUE,15.7255586,120.9197773,9,0,4,3,0,0,0,0,0,0,0,0,0,Tagalog,,
119132,TRUE,15.7255586,120.9197773,7,0,2,3,0,0,0,0,0,0,0,0,0,Tagalog,,
119507,TRUE,15.7255586,120.9197773,9,0,4,3,0,0,0,0,0,0,0,0,0,Tagalog,,
119524,TRUE,15.7255586,120.9197773,7,0,2,3,0,0,0,0,0,0,0,0,0,Tagalog,,
117843,TRUE,15.7331268,120.5727823,13,3,5,0,0,0,0,0,0,3,0,0,0,Pangasinense,,
117974,TRUE,15.7331268,120.5727823,13,3,5,0,0,0,0,0,0,3,0,0,0,Pangasinense,,
118828,FALSE,15.7365261,120.9314245,7,1,1,3,0,0,0,0,0,0,0,0,0,Tagalog,,
179048,FALSE,15.7674775,119.9064418,9,1,4,3,0,0,0,0,0,0,0,0,0,Tagalog,,
119012,TRUE,15.78814262,120.97754406,19,3,4,4,0,0,0,0,0,0,1,0,4,Tagalog,Tagalog,
119410,TRUE,15.78814262,120.97754406,19,3,4,4,0,0,0,0,0,0,1,0,4,Tagalog,Tagalog,
118919,TRUE,15.78838854,120.97779823,15,3,3,0,1,0,0,0,1,0,3,0,1,Waray,,
119322,TRUE,15.78838854,120.97779823,15,3,3,0,1,0,0,0,1,0,3,0,1,Waray,,
117425,TRUE,15.8732312,120.5755703,14,4,7,3,0,0,0,0,0,0,0,0,0,Tagalog,,
118606,TRUE,15.8732312,120.5755703,14,4,7,3,0,0,0,0,0,0,0,0,0,Tagalog,,
58149,TRUE,15.8904289,120.3793856,14,6,4,4,0,0,0,0,0,0,0,0,0,Tagalog,Tagalog,
58356,TRUE,15.8904289,120.3793856,14,6,4,4,0,0,0,0,0,0,0,0,0,Tagalog,Tagalog,
58759,TRUE,15.8972286,120.67097488,13,6,2,3,0,0,0,0,0,0,0,0,0,Tagalog,,
58943,TRUE,15.8972286,120.67097488,13,6,2,3,0,0,0,0,0,0,0,0,0,Tagalog,,
59082,TRUE,15.8972286,120.67097488,13,6,2,3,0,0,0,0,0,0,0,0,0,Tagalog,,
117419,FALSE,15.9742269,120.5708277,13,2,5,3,0,0,0,0,0,0,0,0,1,Tagalog,,
58676,FALSE,15.97870217,120.56988319,10,1,3,3,0,0,0,0,1,0,0,0,1,Tagalog,,
178762,FALSE,15.979835,120.554284,18,0,12,3,0,0,0,0,0,0,0,0,1,Tagalog,,
58783,TRUE,15.9954526,120.6495099,9,1,4,3,0,0,0,0,0,0,0,0,1,Tagalog,,
58994,TRUE,15.9954526,120.6495099,9,1,4,3,0,0,0,0,0,0,0,0,1,Tagalog,,
59108,TRUE,15.9954526,120.6495099,9,1,4,3,0,0,0,0,0,0,0,0,1,Tagalog,,
6918,FALSE,16.0064205,120.2266775,13,2,3,3,0,0,0,0,0,0,0,0,0,Tagalog,,
6792,FALSE,16.0441662,120.5964058,11,1,6,3,0,0,0,0,0,0,0,0,0,Tagalog,,
178501,FALSE,16.0674767,120.3380206,16,12,0,0,0,0,0,0,0,0,3,0,0,Waray,,
115359,FALSE,16.115508,119.8013247,10,2,1,0,0,0,0,0,0,0,3,0,0,Waray,,
56464,TRUE,16.1155118,119.8013208,21,9,6,3,0,0,0,0,0,0,0,0,1,Tagalog,,
56803,TRUE,16.1155118,119.8013208,21,9,6,3,0,0,0,0,0,0,0,0,1,Tagalog,,
115414,FALSE,16.1155142,119.8013167,12,3,2,0,0,0,0,3,0,0,2,0,0,Ilocano,,
6123,TRUE,16.1466336,119.9891299,15,2,8,4,0,0,0,0,0,0,0,0,0,Tagalog,Tagalog,
6429,TRUE,16.1466336,119.9891299,15,2,8,4,0,0,0,0,0,0,0,0,0,Tagalog,Tagalog,
57032,TRUE,16.1466336,119.9891299,15,2,8,4,0,0,0,0,0,0,0,0,0,Tagalog,Tagalog,
57453,TRUE,16.1466336,119.9891299,15,2,8,4,0,0,0,0,0,0,0,0,0,Tagalog,Tagalog,
115444,TRUE,16.1563458,119.9820155,12,2,4,3,0,0,0,0,0,0,0,0,1,Tagalog,,
115877,TRUE,16.1563458,119.9820155,12,2,4,3,0,0,0,0,0,0,0,0,1,Tagalog,,
6204,TRUE,16.1574787,119.9768494,12,3,2,0,0,0,0,0,0,0,3,0,1,Waray,,
6497,TRUE,16.1574787,119.9768494,12,3,2,0,0,0,0,0,0,0,3,0,1,Waray,,
57521,TRUE,16.1574787,119.9768494,12,3,2,0,0,0,0,0,0,0,3,0,1,Waray,,
6040,TRUE,16.1677773,119.9909092,19,2,9,1,0,0,0,0,0,0,3,0,1,Waray,,
6050,TRUE,16.1677773,119.9909092,14,2,7,0,0,0,0,0,0,0,3,0,0,Waray,,
6348,TRUE,16.1677773,119.9909092,19,2,9,1,0,0,0,0,0,0,3,0,1,Waray,,
6360,TRUE,16.1677773,119.9909092,14,2,7,0,0,0,0,0,0,0,3,0,0,Waray,,
56949,TRUE,16.1677773,119.9909092,19,2,9,1,0,0,0,0,0,0,3,0,1,Waray,,
56959,TRUE,16.1677773,119.9909092,14,2,7,0,0,0,0,0,0,0,3,0,0,Waray,,
57372,TRUE,16.1677773,119.9909092,19,2,9,1,0,0,0,0,0,0,3,0,1,Waray,,
57384,TRUE,16.1677773,119.9909092,14,2,7,0,0,0,0,0,0,0,3,0,0,Waray,,
5883,TRUE,16.340945,121.6819116,16,5,8,3,0,0,0,0,0,0,0,0,0,Tagalog,,
5932,TRUE,16.340945,121.6819116,16,5,8,3,0,0,0,0,0,0,0,0,0,Tagalog,,
5873,TRUE,16.3409459,121.681912,7,0,2,3,0,0,0,0,0,0,0,0,0,Tagalog,,
5922,TRUE,16.3409459,121.681912,7,0,2,3,0,0,0,0,0,0,0,0,0,Tagalog,,
5675,TRUE,16.41026199,120.60021211,9,0,0,4,0,0,0,0,1,0,0,0,0,Tagalog,Tagalog,
5740,TRUE,16.41026199,120.60021211,9,0,0,4,0,0,0,0,1,0,0,0,0,Tagalog,Tagalog,
55069,FALSE,16.4281491,120.6018437,11,3,4,3,0,0,0,0,0,0,0,0,0,Tagalog,,
114479,TRUE,16.6052565,121.2505382,15,3,6,0,0,0,0,0,3,0,0,0,0,Kapampangan,,
114578,TRUE,16.6052565,121.2505382,15,3,6,0,0,0,0,0,3,0,0,0,0,Kapampangan,,
4636,TRUE,16.605299,121.2505333,11,0,2,3,0,0,0,0,0,0,1,0,0,Tagalog,,
4672,TRUE,16.605299,121.2505333,11,0,2,3,0,0,0,0,0,0,1,0,0,Tagalog,,
55486,TRUE,16.605299,121.2505333,11,0,2,3,0,0,0,0,0,0,1,0,0,Tagalog,,
55639,TRUE,16.605299,121.2505333,11,0,2,3,0,0,0,0,0,0,1,0,0,Tagalog,,
4714,TRUE,16.6855491,121.5444186,13,1,3,0,1,0,0,0,0,0,3,0,0,Waray,,
4874,TRUE,16.6855491,121.5444186,13,1,3,0,1,0,0,0,0,0,3,0,0,Waray,,
5176,TRUE,16.6855491,121.5444186,13,1,3,0,1,0,0,0,0,0,3,0,0,Waray,,
4845,TRUE,16.69174895,121.5263164,15,1,5,0,0,0,0,0,0,0,3,0,1,Waray,,
5039,TRUE,16.69174895,121.5263164,15,1,5,0,0,0,0,0,0,0,3,0,1,Waray,,
5341,TRUE,16.69174895,121.5263164,15,1,5,0,0,0,0,0,0,0,3,0,1,Waray,,
114152,FALSE,16.780389,121.6953717,6,0,2,3,0,0,0,0,0,0,0,0,1,Tagalog,,
54937,FALSE,16.7843146,121.699008,13,5,2,0,0,0,0,0,0,0,3,0,0,Waray,,
176473,FALSE,16.93620816,121.77337688,16,5,6,4,0,0,0,0,0,0,0,0,0,Tagalog,Tagalog,
113739,FALSE,16.9467367,121.7599043,12,0,6,3,0,0,0,0,0,0,0,0,2,Tagalog,,
53999,FALSE,16.9914309,120.4543785,6,1,2,0,0,0,0,3,0,0,0,0,0,Ilocano,,
113049,TRUE,17.10151921,121.85695498,13,2,4,3,0,0,0,0,0,0,0,0,1,Tagalog,,
113431,TRUE,17.10151921,121.85695498,13,2,4,3,0,0,0,0,0,0,0,0,1,Tagalog,,
113607,TRUE,17.10151921,121.85695498,13,2,4,3,0,0,0,0,0,0,0,0,1,Tagalog,,
4332,FALSE,17.11944582,121.61582263,13,1,7,4,0,0,0,0,0,1,0,0,0,Tagalog,Tagalog,
52987,TRUE,17.12245825,121.61653149,8,0,5,3,0,0,0,0,0,0,0,0,0,Tagalog,,
53119,TRUE,17.12245825,121.61653149,8,0,5,3,0,0,0,0,0,0,0,0,0,Tagalog,,
53286,TRUE,17.12245825,121.61653149,8,0,5,3,0,0,0,0,0,0,0,0,0,Tagalog,,
53086,TRUE,17.13246759,121.87035742,9,1,2,0,0,0,0,3,0,0,0,0,0,Ilocano,,
53251,TRUE,17.13246759,121.87035742,9,1,2,0,0,0,0,3,0,0,0,0,0,Ilocano,,
53406,TRUE,17.13246759,121.87035742,9,1,2,0,0,0,0,3,0,0,0,0,0,Ilocano,,
53733,TRUE,17.13246759,121.87035742,9,1,2,0,0,0,0,3,0,0,0,0,0,Ilocano,,
53635,TRUE,17.13281471,121.8700169,13,3,5,3,0,0,0,0,0,0,0,0,1,Tagalog,,
53921,TRUE,17.13281471,121.8700169,13,3,5,3,0,0,0,0,0,0,0,0,1,Tagalog,,
4419,TRUE,17.13281903,121.87005944,8,1,3,3,0,0,0,0,0,0,0,0,0,Tagalog,,
4494,TRUE,17.13281903,121.87005944,8,1,3,3,0,0,0,0,0,0,0,0,0,Tagalog,,
53507,TRUE,17.13281903,121.87005944,8,1,3,3,0,0,0,0,0,0,0,0,0,Tagalog,,
53832,TRUE,17.13281903,121.87005944,8,1,3,3,0,0,0,0,0,0,0,0,0,Tagalog,,
175797,TRUE,17.16135002,121.62965535,13,0,6,3,0,0,0,0,0,0,0,0,0,Tagalog,,
175958,TRUE,17.16135002,121.62965535,13,0,6,3,0,0,0,0,0,0,0,0,0,Tagalog,,
174991,FALSE,17.42294774,120.47079369,10,1,3,3,1,0,0,0,0,0,0,0,1,Tagalog,,
175235,TRUE,17.4271316,121.7617237,14,3,6,0,0,0,0,0,0,0,3,0,0,Waray,,
175513,TRUE,17.4271316,121.7617237,14,3,6,0,0,0,0,0,0,0,3,0,0,Waray,,
112271,FALSE,17.4401421,120.4686909,13,1,8,3,0,0,0,0,1,0,0,0,0,Tagalog,,
4124,FALSE,17.441541,121.7796693,12,2,2,5,0,0,0,0,0,0,0,0,0,Tagalog,Tagalog,Tagalog
3998,FALSE,17.4447152,120.4895813,3,0,0,0,0,0,0,0,3,0,0,0,0,Kapampangan,,
174141,TRUE,17.53597565,120.39321382,13,1,3,0,0,0,0,3,0,1,0,0,0,Ilocano,,
174299,TRUE,17.53597565,120.39321382,13,1,3,0,0,0,0,3,0,1,0,0,0,Ilocano,,
174467,TRUE,17.53597565,120.39321382,13,1,3,0,0,0,0,3,0,1,0,0,0,Ilocano,,
175031,TRUE,17.53597565,120.39321382,13,1,3,0,0,0,0,3,0,1,0,0,0,Ilocano,,
111074,FALSE,17.57278734,120.38354962,8,3,2,0,0,0,0,0,3,0,0,0,0,Kapampangan,,
110877,TRUE,17.57278734,120.38354964,17,5,6,0,1,0,0,3,0,0,0,0,0,Ilocano,,
111228,TRUE,17.57278734,120.38354964,17,5,6,0,1,0,0,3,0,0,0,0,0,Ilocano,,
111516,TRUE,17.57278734,120.38354964,17,5,6,0,1,0,0,3,0,0,0,0,0,Ilocano,,
3436,TRUE,17.5978094,120.6263901,13,2,6,3,0,0,0,0,0,0,0,0,1,Tagalog,,
3539,TRUE,17.5978094,120.6263901,13,2,6,3,0,0,0,0,0,0,0,0,1,Tagalog,,
3677,TRUE,17.5978094,120.6263901,13,2,6,3,0,0,0,0,0,0,0,0,1,Tagalog,,
52160,TRUE,17.5978094,120.6263901,13,2,6,3,0,0,0,0,0,0,0,0,1,Tagalog,,
3607,FALSE,17.6009917,120.6140407,4,0,1,3,0,0,0,0,0,0,0,0,0,Tagalog,,
3769,TRUE,17.6321629,121.7385019,5,0,1,3,0,0,0,0,0,0,0,0,0,Tagalog,,
3839,TRUE,17.6321629,121.7385019,5,0,1,3,0,0,0,0,0,0,0,0,0,Tagalog,,
3908,TRUE,17.6321629,121.7385019,5,0,1,3,0,0,0,0,0,0,0,0,0,Tagalog,,
112037,TRUE,17.6457346,121.7445842,8,2,0,0,4,0,0,0,0,0,0,0,0,Bikol,Bikol,
112168,TRUE,17.6457346,121.7445842,8,2,0,0,4,0,0,0,0,0,0,0,0,Bikol,Bikol,
3201,TRUE,17.7446206,120.4571437,7,0,2,3,0,0,0,0,0,0,0,0,0,Tagalog,,
3401,TRUE,17.7446206,120.4571437,7,0,2,3,0,0,0,0,0,0,0,0,0,Tagalog,,
51231,FALSE,17.7900055,120.4578741,10,0,3,3,0,0,0,0,0,0,1,0,0,Tagalog,,
110443,TRUE,17.9223369,120.4764375,5,0,2,0,0,0,0,3,0,0,0,0,0,Ilocano,,
173424,TRUE,17.9223369,120.4764375,5,0,2,0,0,0,0,3,0,0,0,0,0,Ilocano,,
173048,FALSE,18.0208519,120.5327408,10,3,3,0,0,0,0,3,0,0,0,0,0,Ilocano,,
2615,TRUE,18.0544798,121.6365218,12,3,4,3,0,0,0,0,0,0,0,0,0,Tagalog,,
51064,TRUE,18.0544798,121.6365218,12,3,4,3,0,0,0,0,0,0,0,0,0,Tagalog,,
110578,TRUE,18.0544798,121.6365218,12,3,4,3,0,0,0,0,0,0,0,0,0,Tagalog,,
173690,TRUE,18.0544798,121.6365218,12,3,4,3,0,0,0,0,0,0,0,0,0,Tagalog,,
50607,FALSE,18.0564692,120.5610879,9,1,2,0,0,0,0,3,0,0,0,0,1,Ilocano,,
173226,FALSE,18.05724391,120.55790555,9,1,2,0,0,0,0,3,0,1,0,0,0,Ilocano,,
173203,FALSE,18.05726342,120.55788207,15,4,2,0,0,0,0,3,0,0,1,0,1,Ilocano,,
173090,FALSE,18.0573003,120.5653879,17,2,5,0,0,0,0,3,0,0,1,0,2,Ilocano,,
50742,FALSE,18.05734802,120.54739573,8,1,2,0,0,0,0,3,0,0,0,0,0,Ilocano,,
173147,FALSE,18.0575471,120.5635179,15,6,2,0,0,0,0,1,0,1,3,0,1,Waray,,
110437,TRUE,18.06019744,120.5556724,15,2,7,3,0,0,0,0,0,0,0,0,1,Tagalog,,
173418,TRUE,18.06019744,120.5556724,15,2,7,3,0,0,0,0,0,0,0,0,1,Tagalog,,
173183,TRUE,18.0951958,120.5689973,6,1,0,0,0,0,0,3,1,0,0,0,0,Ilocano,,
173184,TRUE,18.0951958,120.5689973,14,2,8,3,0,0,0,0,0,0,0,0,0,Tagalog,,
173562,FALSE,18.1530679,120.67861746,15,3,6,3,0,0,0,0,0,0,0,0,2,Tagalog,,
2203,FALSE,18.1829463,120.7171902,5,1,1,0,0,0,0,3,0,0,0,0,0,Ilocano,,
1198,TRUE,18.19830486,120.60065764,5,0,1,0,0,0,0,4,0,0,0,0,0,Ilocano,Ilocano,
1535,TRUE,18.19830486,120.60065764,5,0,1,0,0,0,0,4,0,0,0,0,0,Ilocano,Ilocano,
1847,TRUE,18.19830486,120.60065764,5,0,1,0,0,0,0,4,0,0,0,0,0,Ilocano,Ilocano,
172031,TRUE,18.1996902,120.5878089,14,0,3,0,0,0,0,3,0,1,1,0,1,Ilocano,,
172284,TRUE,18.1996902,120.5878089,14,0,3,0,0,0,0,3,0,1,1,0,1,Ilocano,,
172533,TRUE,18.1996902,120.5878089,14,0,3,0,0,0,0,3,0,1,1,0,1,Ilocano,,
109590,TRUE,18.20048477,120.59270404,6,1,2,0,0,0,0,3,0,0,0,0,0,Ilocano,,
109862,TRUE,18.20048477,120.59270404,6,1,2,0,0,0,0,3,0,0,0,0,0,Ilocano,,
110114,TRUE,18.20048477,120.59270404,6,1,2,0,0,0,0,3,0,0,0,0,0,Ilocano,,
49580,TRUE,18.20094272,120.59874055,10,1,3,0,0,0,0,3,0,0,1,0,1,Ilocano,,
49877,TRUE,18.20094272,120.59874055,10,1,3,0,0,0,0,3,0,0,1,0,1,Ilocano,,
50160,TRUE,18.20094272,120.59874055,10,1,3,0,0,0,0,3,0,0,1,0,1,Ilocano,,
172026,TRUE,18.2040256,120.6048813,9,3,1,0,0,0,0,0,0,0,3,0,0,Waray,,
172279,TRUE,18.2040256,120.6048813,9,3,1,0,0,0,0,0,0,0,3,0,0,Waray,,
172529,TRUE,18.2040256,120.6048813,9,3,1,0,0,0,0,0,0,0,3,0,0,Waray,,
172189,TRUE,18.21007333,120.57434131,14,3,5,0,0,0,0,3,0,0,0,0,0,Ilocano,,
172442,TRUE,18.21007333,120.57434131,14,3,5,0,0,0,0,3,0,0,0,0,0,Ilocano,,
109489,TRUE,18.22825676,120.64801869,15,1,10,3,0,0,0,0,0,1,0,0,0,Tagalog,,
109761,TRUE,18.22825676,120.64801869,15,1,10,3,0,0,0,0,0,1,0,0,0,Tagalog,,
110020,TRUE,18.22825676,120.64801869,15,1,10,3,0,0,0,0,0,1,0,0,0,Tagalog,,
110180,TRUE,18.22825676,120.64801869,15,1,10,3,0,0,0,0,0,1,0,0,0,Tagalog,,
2207,FALSE,18.22829838,120.64801843,8,0,2,0,0,0,0,1,0,0,3,0,0,Waray,,
2086,FALSE,18.22872714,120.65497357,14,1,5,0,0,0,0,3,0,0,0,0,1,Ilocano,,
172131,TRUE,18.2292444,120.6460006,11,2,2,0,0,0,0,0,3,0,0,0,1,Kapampangan,,
172384,TRUE,18.2292444,120.6460006,11,2,2,0,0,0,0,0,3,0,0,0,1,Kapampangan,,
172613,TRUE,18.2292444,120.6460006,11,2,2,0,0,0,0,0,3,0,0,0,1,Kapampangan,,
172712,TRUE,18.2292444,120.6460006,11,2,2,0,0,0,0,0,3,0,0,0,1,Kapampangan,,
2137,FALSE,18.22984476,120.64584192,17,2,11,3,0,0,0,0,0,0,0,0,0,Tagalog,,
2033,FALSE,18.22984476,120.6462753,13,2,7,3,0,0,0,0,0,0,0,0,0,Tagalog,,
464,TRUE,18.5049842,120.5842496,11,1,6,3,0,0,0,0,0,0,0,0,1,Tagalog,,
49047,TRUE,18.5049842,120.5842496,11,1,6,3,0,0,0,0,0,0,0,0,1,Tagalog,,
109044,TRUE,18.5049842,120.5842496,11,1,6,3,0,0,0,0,0,0,0,0,1,Tagalog,,
171684,TRUE,18.5049842,120.5842496,11,1,6,3,0,0,0,0,0,0,0,0,1,Tagalog,,
494,TRUE,18.5051059,120.5848255,19,2,12,3,0,0,0,0,0,1,0,0,1,Tagalog,,
497,TRUE,18.5051059,120.5848255,16,1,9,4,0,0,0,0,0,0,0,0,2,Tagalog,Tagalog,
502,TRUE,18.5051059,120.5848255,15,0,8,4,0,0,0,0,0,0,0,0,1,Tagalog,Tagalog,
49077,TRUE,18.5051059,120.5848255,19,2,12,3,0,0,0,0,0,1,0,0,1,Tagalog,,
49080,TRUE,18.5051059,120.5848255,16,1,9,4,0,0,0,0,0,0,0,0,2,Tagalog,Tagalog,
108974,TRUE,18.5051433,120.5848431,5,0,2,0,0,0,0,3,0,0,0,0,0,Ilocano,,
171601,TRUE,18.5051433,120.5848431,17,4,9,3,0,0,0,0,0,0,0,0,1,Tagalog,,
171614,TRUE,18.5051433,120.5848431,5,0,2,0,0,0,0,3,0,0,0,0,0,Ilocano,,
560,FALSE,18.5207573,120.6042908,9,1,1,0,0,0,0,3,0,0,1,0,0,Ilocano,,
108913,TRUE,18.5616384,121.2365197,15,1,8,3,0,0,0,0,0,0,0,0,1,Tagalog,,
108955,TRUE,18.5616384,121.2365197,15,1,8,3,0,0,0,0,0,0,0,0,1,Tagalog,,
171587,TRUE,18.5616384,121.2365197,15,1,8,3,0,0,0,0,0,0,0,0,1,Tagalog,,
108891,TRUE,18.5636117,121.2318118,14,2,3,5,0,0,0,0,0,0,0,0,1,Tagalog,Tagalog,Tagalog
108939,TRUE,18.5636117,121.2318118,14,2,3,5,0,0,0,0,0,0,0,0,1,Tagalog,Tagalog,Tagalog
109150,TRUE,18.5636117,121.2318118,14,2,3,5,0,0,0,0,0,0,0,0,1,Tagalog,Tagalog,Tagalog
171571,TRUE,18.5636117,121.2318118,14,2,3,5,0,0,0,0,0,0,0,0,1,Tagalog,Tagalog,Tagalog
138,TRUE,18.56363723,120.79228815,14,8,0,0,0,0,0,0,0,0,3,0,1,Waray,,
264,TRUE,18.56363723,120.79228815,14,8,0,0,0,0,0,0,0,0,3,0,1,Waray,,
321,TRUE,18.56363723,120.79228815,14,8,0,0,0,0,0,0,0,0,3,0,1,Waray,,
512,TRUE,18.56363723,120.79228815,14,8,0,0,0,0,0,0,0,0,3,0,1,Waray,,
569,TRUE,18.56363723,120.79228815,14,8,0,0,0,0,0,0,0,0,3,0,1,Waray,,
621,TRUE,18.56363723,120.79228815,14,8,0,0,0,0,0,0,0,0,3,0,1,Waray,,
160,TRUE,18.56559331,120.80885992,13,4,3,0,0,0,0,1,0,0,3,0,0,Waray,,
288,TRUE,18.56559331,120.80885992,13,4,3,0,0,0,0,1,0,0,3,0,0,Waray,,
345,TRUE,18.56559331,120.80885992,13,4,3,0,0,0,0,1,0,0,3,0,0,Waray,,
532,TRUE,18.56559331,120.80885992,13,4,3,0,0,0,0,1,0,0,3,0,0,Waray,,
589,TRUE,18.56559331,120.80885992,13,4,3,0,0,0,0,1,0,0,3,0,0,Waray,,
641,TRUE,18.56559331,120.80885992,13,4,3,0,0,0,0,1,0,0,3,0,0,Waray,,
171446,TRUE,18.56570033,120.80896537,19,10,2,0,0,0,0,1,0,1,3,0,0,Waray,,
171494,TRUE,18.56570033,120.80896537,19,10,2,0,0,0,0,1,0,1,3,0,0,Waray,,
171538,TRUE,18.56570033,120.80896537,19,10,2,0,0,0,0,1,0,1,3,0,0,Waray,,
171727,TRUE,18.56570033,120.80896537,19,10,2,0,0,0,0,1,0,1,3,0,0,Waray,,
171790,TRUE,18.56570033,120.80896537,19,10,2,0,0,0,0,1,0,1,3,0,0,Waray,,
171823,TRUE,18.56570033,120.80896537,19,10,2,0,0,0,0,1,0,1,3,0,0,Waray,,
149,TRUE,18.56783524,120.80967598,19,5,6,0,0,0,0,2,0,0,3,0,0,Waray,,
276,TRUE,18.56783524,120.80967598,19,5,6,0,0,0,0,2,0,0,3,0,0,Waray,,
333,TRUE,18.56783524,120.80967598,19,5,6,0,0,0,0,2,0,0,3,0,0,Waray,,
521,TRUE,18.56783524,120.80967598,19,5,6,0,0,0,0,2,0,0,3,0,0,Waray,,
578,TRUE,18.56783524,120.80967598,19,5,6,0,0,0,0,2,0,0,3,0,0,Waray,,
630,TRUE,18.56783524,120.80967598,19,5,6,0,0,0,0,2,0,0,3,0,0,Waray,,
48729,TRUE,18.57146295,120.81102342,11,1,5,0,0,0,0,4,0,0,1,0,0,Ilocano,Ilocano,
48801,TRUE,18.57146295,120.81102342,11,1,5,0,0,0,0,4,0,0,1,0,0,Ilocano,Ilocano,
48871,TRUE,18.57146295,120.81102342,11,1,5,0,0,0,0,4,0,0,1,0,0,Ilocano,Ilocano,
49082,TRUE,18.57146295,120.81102342,11,1,5,0,0,0,0,4,0,0,1,0,0,Ilocano,Ilocano,
49152,TRUE,18.57146295,120.81102342,11,1,5,0,0,0,0,4,0,0,1,0,0,Ilocano,Ilocano,
49213,TRUE,18.57146295,120.81102342,11,1,5,0,0,0,0,4,0,0,1,0,0,Ilocano,Ilocano,
108830,TRUE,18.57146295,120.81102342,11,1,5,0,0,0,0,4,0,0,1,0,0,Ilocano,Ilocano,
108870,TRUE,18.57146295,120.81102342,11,1,5,0,0,0,0,4,0,0,1,0,0,Ilocano,Ilocano,
109100,TRUE,18.57146295,120.81102342,11,1,5,0,0,0,0,4,0,0,1,0,0,Ilocano,Ilocano,
42,FALSE,20.44452605,121.96661425,11,0,7,3,0,0,0,0,0,0,0,0,1,Tagalog,,
20,TRUE,20.45164941,121.9671742,7,1,0,0,3,0,0,0,0,0,0,0,0,Bikol,,
77,TRUE,20.45164941,121.9671742,7,1,0,0,3,0,0,0,0,0,0,0,0,Bikol,,
106,TRUE,20.45164941,121.9671742,7,1,0,0,3,0,0,0,0,0,0,0,0,Bikol,,
48670,TRUE,20.45164941,121.9671742,7,1,0,0,3,0,0,0,0,0,0,0,0,Bikol,,
10,TRUE,20.4533563,121.9684186,9,3,0,0,0,0,0,3,0,0,1,0,0,Ilocano,,
67,TRUE,20.4533563,121.9684186,9,3,0,0,0,0,0,3,0,0,1,0,0,Ilocano,,
96,TRUE,20.4533563,121.9684186,9,3,0,0,0,0,0,3,0,0,1,0,0,Ilocano,,
48660,TRUE,20.4533563,121.9684186,9,3,0,0,0,0,0,3,0,0,1,0,0,Ilocano,,
48698,TRUE,20.4533563,121.9684186,9,3,0,0,0,0,0,3,0,0,1,0,0,Ilocano,,
48709,TRUE,20.4533563,121.9684186,9,3,0,0,0,0,0,3,0,0,1,0,0,Ilocano,,
108756,TRUE,20.4533563,121.9684186,9,3,0,0,0,0,0,3,0,0,1,0,0,Ilocano,,
171378,TRUE,20.4533563,121.9684186,9,3,0,0,0,0,0,3,0,0,1,0,0,Ilocano,,
171172,TRUE,5.9232062,125.2727867,10,2,2,0,0,0,0,0,3,0,0,0,0,Kapampangan,,
171224,TRUE,5.9232062,125.2727867,10,2,2,0,0,0,0,0,3,0,0,0,0,Kapampangan,,
171272,TRUE,5.9232062,125.2727867,10,2,2,0,0,0,0,0,3,0,0,0,0,Kapampangan,,
227982,TRUE,5.9232062,125.2727867,10,2,2,0,0,0,0,0,3,0,0,0,0,Kapampangan,,
228018,TRUE,5.9232062,125.2727867,10,2,2,0,0,0,0,0,3,0,0,0,0,Kapampangan,,
228046,TRUE,5.9232062,125.2727867,10,2,2,0,0,0,0,0,3,0,0,0,0,Kapampangan,,
169622,TRUE,5.98687408,124.62219035,13,2,8,0,0,3,0,0,0,0,0,0,0,Cebuano,,
169674,TRUE,5.98687408,124.62219035,13,2,8,0,0,3,0,0,0,0,0,0,0,Cebuano,,
171017,TRUE,5.98687408,124.62219035,13,2,8,0,0,3,0,0,0,0,0,0,0,Cebuano,,
171123,TRUE,5.98687408,124.62219035,13,2,8,0,0,3,0,0,0,0,0,0,0,Cebuano,,
226326,TRUE,5.98687408,124.62219035,13,2,8,0,0,3,0,0,0,0,0,0,0,Cebuano,,
226377,TRUE,5.98687408,124.62219035,13,2,8,0,0,3,0,0,0,0,0,0,0,Cebuano,,
227827,TRUE,5.98687408,124.62219035,13,2,8,0,0,3,0,0,0,0,0,0,0,Cebuano,,
227936,TRUE,5.98687408,124.62219035,13,2,8,0,0,3,0,0,0,0,0,0,0,Cebuano,,
47538,FALSE,6.1183491,125.1351154,8,3,1,3,0,0,0,0,0,0,0,0,0,Tagalog,,
47213,TRUE,6.1296699,125.1301926,15,3,5,3,0,0,0,0,0,0,0,0,2,Tagalog,,
107539,TRUE,6.1296699,125.1301926,15,3,5,3,0,0,0,0,0,0,0,0,2,Tagalog,,
48244,FALSE,6.1298356,125.1638275,14,1,6,4,0,0,0,0,0,1,0,0,1,Tagalog,Tagalog,
225388,TRUE,6.1373002,125.16824325,10,0,1,0,0,0,0,0,0,0,3,0,0,Waray,,
225860,TRUE,6.1373002,125.16824325,10,0,1,0,0,0,0,0,0,0,3,0,0,Waray,,
225316,TRUE,6.13829736,125.15328489,11,4,3,0,0,0,0,0,0,0,3,0,0,Waray,,
225788,TRUE,6.13829736,125.15328489,11,4,3,0,0,0,0,0,0,0,3,0,0,Waray,,
226517,TRUE,6.13829736,125.15328489,11,4,3,0,0,0,0,0,0,0,3,0,0,Waray,,
225382,TRUE,6.14907896,125.17284177,7,3,0,3,0,0,0,0,0,0,0,0,0,Tagalog,,
225854,TRUE,6.14907896,125.17284177,7,3,0,3,0,0,0,0,0,0,0,0,0,Tagalog,,
225427,TRUE,6.14907897,125.17284176,7,1,0,0,0,3,0,0,0,0,0,0,1,Cebuano,,
225897,TRUE,6.14907897,125.17284176,7,1,0,0,0,3,0,0,0,0,0,0,1,Cebuano,,
106170,FALSE,6.2232338,125.0578258,7,3,1,3,0,0,0,0,0,0,0,0,0,Tagalog,,
106233,FALSE,6.223234,125.0578255,8,3,2,3,0,0,0,0,0,0,0,0,0,Tagalog,,
45515,TRUE,6.2232354,125.0578258,15,6,3,3,0,0,0,0,0,0,0,0,0,Tagalog,,
45924,TRUE,6.2232354,125.0578258,15,6,3,3,0,0,0,0,0,0,0,0,0,Tagalog,,
46314,TRUE,6.2232354,125.0578258,15,6,3,3,0,0,0,0,0,0,0,0,0,Tagalog,,
106020,TRUE,6.2232354,125.0578258,15,6,3,3,0,0,0,0,0,0,0,0,0,Tagalog,,
169368,TRUE,6.2232354,125.0578258,15,6,3,3,0,0,0,0,0,0,0,0,0,Tagalog,,
105795,TRUE,6.3192263,124.9630533,13,3,4,3,0,0,0,0,0,0,0,0,0,Tagalog,,
106320,TRUE,6.3192263,124.9630533,13,3,4,3,0,0,0,0,0,0,0,0,0,Tagalog,,
106525,TRUE,6.3192263,124.9630533,13,3,4,3,0,0,0,0,0,0,0,0,0,Tagalog,,
169142,TRUE,6.3192263,124.9630533,13,3,4,3,0,0,0,0,0,0,0,0,0,Tagalog,,
106162,FALSE,6.3339365,124.9534093,20,5,10,0,0,0,3,0,0,0,0,0,1,Hiligaynon,,
106116,FALSE,6.3527975,124.93564,10,3,2,0,0,0,0,0,0,0,3,0,0,Waray,,
105672,FALSE,6.4951947,124.8412194,16,5,5,3,0,0,1,0,0,0,1,0,0,Tagalog,,
224700,FALSE,6.495728,124.8373774,20,7,4,0,0,0,2,0,1,0,3,0,0,Waray,,
168714,TRUE,6.5019751,124.8368467,18,3,5,0,0,0,0,0,0,0,3,0,1,Waray,,
168718,TRUE,6.5019751,124.8368467,10,4,2,3,0,0,0,0,0,0,0,0,0,Tagalog,,
168501,FALSE,6.5028326,124.8402112,13,3,3,0,0,0,0,0,1,0,3,0,0,Waray,,
224778,FALSE,6.5029892,124.8401401,21,4,9,0,0,0,0,0,0,0,3,0,1,Waray,,
104968,TRUE,6.6341571,124.5989745,17,2,6,0,0,0,3,0,0,0,2,0,2,Hiligaynon,,
105435,TRUE,6.6341571,124.5989745,17,2,6,0,0,0,3,0,0,0,2,0,2,Hiligaynon,,
166431,TRUE,6.6887751,124.6734523,8,1,3,3,0,0,0,0,0,0,1,0,0,Tagalog,,
167107,TRUE,6.6887751,124.6734523,8,1,3,3,0,0,0,0,0,0,1,0,0,Tagalog,,
167785,TRUE,6.6887751,124.6734523,8,1,3,3,0,0,0,0,0,0,1,0,0,Tagalog,,
44911,TRUE,6.6954316,121.9695224,6,1,2,3,0,0,0,0,0,0,0,0,0,Tagalog,,
45033,TRUE,6.6954316,121.9695224,6,1,2,3,0,0,0,0,0,0,0,0,0,Tagalog,,
45157,TRUE,6.6954316,121.9695224,6,1,2,3,0,0,0,0,0,0,0,0,0,Tagalog,,
103901,TRUE,6.7051742,121.9695329,16,3,9,3,0,0,0,0,0,0,0,0,0,Tagalog,,
104066,TRUE,6.7051742,121.9695329,16,3,9,3,0,0,0,0,0,0,0,0,0,Tagalog,,
104231,TRUE,6.7051742,121.9695329,16,3,9,3,0,0,0,0,0,0,0,0,0,Tagalog,,
104397,TRUE,6.7051742,121.9695329,16,3,9,3,0,0,0,0,0,0,0,0,0,Tagalog,,
101986,TRUE,6.918297,122.0802108,11,2,5,3,0,0,0,0,0,0,0,0,0,Tagalog,,
102227,TRUE,6.918297,122.0802108,11,2,5,3,0,0,0,0,0,0,0,0,0,Tagalog,,
42781,TRUE,6.93002645,122.09431167,14,2,6,3,0,0,0,0,0,0,0,0,0,Tagalog,,
43007,TRUE,6.93002645,122.09431167,14,2,6,3,0,0,0,0,0,0,0,0,0,Tagalog,,
101920,TRUE,6.9300858,122.09464658,7,3,1,3,0,0,0,0,0,0,0,0,0,Tagalog,,
102161,TRUE,6.9300858,122.09464658,7,3,1,3,0,0,0,0,0,0,0,0,0,Tagalog,,
221984,TRUE,6.94921692,122.08179135,4,0,0,0,0,0,0,0,0,4,0,0,0,Pangasinense,Pangasinense,
222285,TRUE,6.94921692,122.08179135,4,0,0,0,0,0,0,0,0,4,0,0,0,Pangasinense,Pangasinense,
219881,TRUE,6.9905608,125.4824116,5,0,1,3,0,0,0,0,0,0,0,0,0,Tagalog,,
220704,TRUE,6.9905608,125.4824116,5,0,1,3,0,0,0,0,0,0,0,0,0,Tagalog,,
221326,TRUE,6.9905608,125.4824116,5,0,1,3,0,0,0,0,0,0,0,0,0,Tagalog,,
222657,TRUE,6.9905608,125.4824116,5,0,1,3,0,0,0,0,0,0,0,0,0,Tagalog,,
222943,TRUE,6.9905608,125.4824116,5,0,1,3,0,0,0,0,0,0,0,0,0,Tagalog,,
163167,FALSE,7.0085011,125.0893208,16,11,1,0,0,0,0,3,0,0,0,0,0,Ilocano,,
101177,TRUE,7.0174521,125.090316,14,0,9,0,0,3,0,0,0,0,0,0,1,Cebuano,,
102435,TRUE,7.0174521,125.090316,14,0,9,0,0,3,0,0,0,0,0,0,1,Cebuano,,
102875,TRUE,7.0174521,125.090316,14,0,9,0,0,3,0,0,0,0,0,0,1,Cebuano,,
103241,TRUE,7.0174521,125.090316,14,0,9,0,0,3,0,0,0,0,0,0,1,Cebuano,,
163395,TRUE,7.0174521,125.090316,14,0,9,0,0,3,0,0,0,0,0,0,1,Cebuano,,
42276,FALSE,7.0310701,125.4964846,13,1,4,3,0,0,0,0,0,0,0,0,1,Tagalog,,
219730,TRUE,7.03755498,125.50159675,9,0,3,0,0,0,0,0,3,0,0,0,0,Kapampangan,,
220554,TRUE,7.03755498,125.50159675,9,0,3,0,0,0,0,0,3,0,0,0,0,Kapampangan,,
221173,TRUE,7.03755498,125.50159675,9,0,3,0,0,0,0,0,3,0,0,0,0,Kapampangan,,
222605,TRUE,7.03755498,125.50159675,9,0,3,0,0,0,0,0,3,0,0,0,0,Kapampangan,,
222891,TRUE,7.03755498,125.50159675,9,0,3,0,0,0,0,0,3,0,0,0,0,Kapampangan,,
165030,TRUE,7.03922719,125.50995019,19,6,6,0,1,0,0,0,0,0,3,0,2,Waray,,
165344,TRUE,7.03922719,125.50995019,19,6,6,0,1,0,0,0,0,0,3,0,2,Waray,,
165557,TRUE,7.03922719,125.50995019,19,6,6,0,1,0,0,0,0,0,3,0,2,Waray,,
43626,TRUE,7.0430969,125.5692458,12,4,2,1,0,3,0,0,0,0,0,0,1,Cebuano,,
44151,TRUE,7.0430969,125.5692458,12,4,2,1,0,3,0,0,0,0,0,0,1,Cebuano,,
44531,TRUE,7.0430969,125.5692458,12,4,2,1,0,3,0,0,0,0,0,0,1,Cebuano,,
165694,FALSE,7.04529035,125.52980988,7,2,0,0,0,5,0,0,0,0,0,0,0,Cebuano,Cebuano,Cebuano
223425,TRUE,7.04529933,125.52978136,13,0,5,0,0,3,0,0,1,0,0,0,0,Cebuano,,
223740,TRUE,7.04529933,125.52978136,13,0,5,0,0,3,0,0,1,0,0,0,0,Cebuano,,
223944,TRUE,7.04529933,125.52978136,13,0,5,0,0,3,0,0,1,0,0,0,0,Cebuano,,
223160,TRUE,7.04914737,125.56090409,13,1,2,0,0,3,0,0,0,0,0,0,0,Cebuano,,
223548,TRUE,7.04914737,125.56090409,13,1,2,0,0,3,0,0,0,0,0,0,0,Cebuano,,
223824,TRUE,7.04914737,125.56090409,13,1,2,0,0,3,0,0,0,0,0,0,0,Cebuano,,
223101,TRUE,7.05343628,125.58192444,13,1,7,0,0,3,0,0,0,0,0,0,0,Cebuano,,
223490,TRUE,7.05343628,125.58192444,13,1,7,0,0,3,0,0,0,0,0,0,0,Cebuano,,
101126,TRUE,7.10279752,124.82688759,10,1,2,0,0,0,0,0,3,0,0,0,0,Kapampangan,,
163344,TRUE,7.10279752,124.82688759,10,1,2,0,0,0,0,0,3,0,0,0,0,Kapampangan,,
40682,TRUE,7.10279809,124.82683,22,3,8,0,0,0,0,0,2,1,3,0,1,Waray,,
41044,TRUE,7.10279809,124.82683,22,3,8,0,0,0,0,0,2,1,3,0,1,Waray,,
41457,TRUE,7.10279809,124.82683,22,3,8,0,0,0,0,0,2,1,3,0,1,Waray,,
101420,TRUE,7.10279809,124.82683,22,3,8,0,0,0,0,0,2,1,3,0,1,Waray,,
163638,TRUE,7.10279809,124.82683,22,3,8,0,0,0,0,0,2,1,3,0,1,Waray,,
163237,TRUE,7.10282137,124.82689656,17,0,2,3,0,0,0,3,1,0,1,0,0,Tagalog,,
1632371,TRUE,7.10282137,124.82689656,17,0,2,3,0,0,0,3,1,0,1,0,0,Tagalog,,
163237,TRUE,7.10282137,124.82689656,17,0,2,3,0,0,0,3,1,0,1,0,0,Ilocano,,
1632371,TRUE,7.10282137,124.82689656,17,0,2,3,0,0,0,3,1,0,1,0,0,Ilocano,,
221474,FALSE,7.1885418,125.4631993,10,1,2,0,0,3,0,0,0,0,0,0,2,Cebuano,,
98800,TRUE,7.2034168,124.2297791,21,8,6,0,0,0,0,0,0,0,3,0,0,Waray,,
101013,TRUE,7.2034168,124.2297791,21,8,6,0,0,0,0,0,0,0,3,0,0,Waray,,
216763,TRUE,7.2055226,125.4331379,8,3,2,0,0,3,0,0,0,0,0,0,0,Cebuano,,
216857,TRUE,7.2055226,125.4331379,8,3,2,0,0,3,0,0,0,0,0,0,0,Cebuano,,
219667,TRUE,7.2055226,125.4331379,8,3,2,0,0,3,0,0,0,0,0,0,0,Cebuano,,
220491,TRUE,7.2055226,125.4331379,8,3,2,0,0,3,0,0,0,0,0,0,0,Cebuano,,
221112,TRUE,7.2055226,125.4331379,8,3,2,0,0,3,0,0,0,0,0,0,0,Cebuano,,
216137,TRUE,7.2157577,124.2543168,15,0,10,3,0,0,0,0,1,0,0,0,1,Tagalog,,
216366,TRUE,7.2157577,124.2543168,15,0,10,3,0,0,0,0,1,0,0,0,1,Tagalog,,
219061,TRUE,7.2157577,124.2543168,15,0,10,3,0,0,0,0,1,0,0,0,1,Tagalog,,
98394,TRUE,7.218938,124.2376714,15,3,6,4,0,0,0,0,0,0,0,0,1,Tagalog,Tagalog,
98747,TRUE,7.218938,124.2376714,15,3,6,4,0,0,0,0,0,0,0,0,1,Tagalog,Tagalog,
100967,TRUE,7.218938,124.2376714,15,3,6,4,0,0,0,0,0,0,0,0,1,Tagalog,Tagalog,
161350,TRUE,7.29223579,125.68410333,13,8,1,0,0,0,0,0,3,0,0,0,0,Kapampangan,,
161886,TRUE,7.29223579,125.68410333,13,8,1,0,0,0,0,0,3,0,0,0,0,Kapampangan,,
39053,TRUE,7.3340325,124.5630622,16,2,6,3,0,0,0,0,3,0,0,0,0,Tagalog,,
39063,TRUE,7.3340325,124.5630622,19,4,11,3,0,0,0,0,0,0,0,0,0,Tagalog,,
98884,TRUE,7.3340325,124.5630622,16,2,6,3,0,0,0,0,3,0,0,0,0,Tagalog,,
160565,TRUE,7.3340325,124.5630622,16,2,6,3,0,0,0,0,3,0,0,0,0,Tagalog,,
390531,TRUE,7.3340325,124.5630622,16,2,6,3,0,0,0,0,3,0,0,0,0,Tagalog,,
988841,TRUE,7.3340325,124.5630622,16,2,6,3,0,0,0,0,3,0,0,0,0,Tagalog,,
1605651,TRUE,7.3340325,124.5630622,16,2,6,3,0,0,0,0,3,0,0,0,0,Tagalog,,
39053,TRUE,7.3340325,124.5630622,16,2,6,3,0,0,0,0,3,0,0,0,0,Kapampangan,,
98884,TRUE,7.3340325,124.5630622,16,2,6,3,0,0,0,0,3,0,0,0,0,Kapampangan,,
160565,TRUE,7.3340325,124.5630622,16,2,6,3,0,0,0,0,3,0,0,0,0,Kapampangan,,
390531,TRUE,7.3340325,124.5630622,16,2,6,3,0,0,0,0,3,0,0,0,0,Kapampangan,,
988841,TRUE,7.3340325,124.5630622,16,2,6,3,0,0,0,0,3,0,0,0,0,Kapampangan,,
1605651,TRUE,7.3340325,124.5630622,16,2,6,3,0,0,0,0,3,0,0,0,0,Kapampangan,,
159367,TRUE,7.42707469,125.82793136,10,2,2,0,0,1,0,0,0,0,3,0,0,Waray,,
160991,TRUE,7.42707469,125.82793136,10,2,2,0,0,1,0,0,0,0,3,0,0,Waray,,
161573,TRUE,7.42707469,125.82793136,10,2,2,0,0,1,0,0,0,0,3,0,0,Waray,,
162110,TRUE,7.42707469,125.82793136,10,2,2,0,0,1,0,0,0,0,3,0,0,Waray,,
159153,TRUE,7.44112211,125.80850335,8,0,1,0,0,0,1,0,3,0,1,0,0,Kapampangan,,
159536,TRUE,7.44112211,125.80850335,8,0,1,0,0,0,1,0,3,0,1,0,0,Kapampangan,,
160774,TRUE,7.44112211,125.80850335,8,0,1,0,0,0,1,0,3,0,1,0,0,Kapampangan,,
161249,TRUE,7.44112211,125.80850335,8,0,1,0,0,0,1,0,3,0,1,0,0,Kapampangan,,
161785,TRUE,7.44112211,125.80850335,8,0,1,0,0,0,1,0,3,0,1,0,0,Kapampangan,,
215750,TRUE,7.44112211,125.80850335,8,0,1,0,0,0,1,0,3,0,1,0,0,Kapampangan,,
217322,TRUE,7.44112211,125.80850335,8,0,1,0,0,0,1,0,3,0,1,0,0,Kapampangan,,
38036,TRUE,7.44165201,125.80583418,14,5,3,0,0,0,0,3,0,0,0,0,2,Ilocano,,
38696,TRUE,7.44165201,125.80583418,14,5,3,0,0,0,0,3,0,0,0,0,2,Ilocano,,
39465,TRUE,7.44165201,125.80583418,14,5,3,0,0,0,0,3,0,0,0,0,2,Ilocano,,
159412,TRUE,7.4513294,125.821935,10,0,6,3,0,0,0,0,0,0,0,0,1,Tagalog,,
161037,TRUE,7.4513294,125.821935,10,0,6,3,0,0,0,0,0,0,0,0,1,Tagalog,,
159144,TRUE,7.4555138,125.8138748,6,2,0,0,0,3,0,0,0,0,0,0,0,Cebuano,,
159527,TRUE,7.4555138,125.8138748,6,2,0,0,0,3,0,0,0,0,0,0,0,Cebuano,,
160766,TRUE,7.4555138,125.8138748,6,2,0,0,0,3,0,0,0,0,0,0,0,Cebuano,,
161232,TRUE,7.4555138,125.8138748,6,2,0,0,0,3,0,0,0,0,0,0,0,Cebuano,,
161768,TRUE,7.4555138,125.8138748,6,2,0,0,0,3,0,0,0,0,0,0,0,Cebuano,,
215741,TRUE,7.4555138,125.8138748,6,2,0,0,0,3,0,0,0,0,0,0,0,Cebuano,,
217314,TRUE,7.4555138,125.8138748,6,2,0,0,0,3,0,0,0,0,0,0,0,Cebuano,,
37826,TRUE,7.46324927,125.82094209,12,2,5,0,0,0,0,0,0,0,4,0,0,Waray,Waray,
38482,TRUE,7.46324927,125.82094209,12,2,5,0,0,0,0,0,0,0,4,0,0,Waray,Waray,
39270,TRUE,7.46324927,125.82094209,12,2,5,0,0,0,0,0,0,0,4,0,0,Waray,Waray,
97613,TRUE,7.46324927,125.82094209,12,2,5,0,0,0,0,0,0,0,4,0,0,Waray,Waray,
99428,TRUE,7.46324927,125.82094209,12,2,5,0,0,0,0,0,0,0,4,0,0,Waray,Waray,
37936,TRUE,7.489575,125.6056375,12,1,5,3,0,0,0,0,0,0,0,0,2,Tagalog,,
38592,TRUE,7.489575,125.6056375,12,1,5,3,0,0,0,0,0,0,0,0,2,Tagalog,,
97723,TRUE,7.489575,125.6056375,12,1,5,3,0,0,0,0,0,0,0,0,2,Tagalog,,
215000,TRUE,7.8003733,122.7541563,8,1,2,3,0,0,0,0,0,0,0,0,0,Tagalog,,
215006,TRUE,7.8003733,122.7541563,8,1,2,3,0,0,0,0,0,0,0,0,0,Tagalog,,
215011,TRUE,7.8003733,122.7541563,8,1,2,3,0,0,0,0,0,0,0,0,0,Tagalog,,
215021,TRUE,7.8003733,122.7541563,8,1,2,3,0,0,0,0,0,0,0,0,0,Tagalog,,
214139,FALSE,7.8310795,123.4395393,13,1,7,3,0,0,0,0,0,0,1,0,0,Tagalog,,
214604,TRUE,7.8721173,124.2612857,14,3,1,0,0,0,3,0,0,0,0,0,0,Hiligaynon,,
215029,TRUE,7.8721173,124.2612857,14,3,1,0,0,0,3,0,0,0,0,0,0,Hiligaynon,,
215033,TRUE,7.8721173,124.2612857,14,3,1,0,0,0,3,0,0,0,0,0,0,Hiligaynon,,
215037,TRUE,7.8721173,124.2612857,14,3,1,0,0,0,3,0,0,0,0,0,0,Hiligaynon,,
95666,FALSE,7.8795178,123.4909336,10,2,4,0,0,0,0,0,3,0,0,0,0,Kapampangan,,
214130,TRUE,7.9243166,123.7767651,14,1,7,3,0,0,0,0,0,0,0,0,1,Tagalog,,
214296,TRUE,7.9243166,123.7767651,14,1,7,3,0,0,0,0,0,0,0,0,1,Tagalog,,
158041,TRUE,8.00117463,124.28140167,12,3,4,0,0,0,0,0,0,0,3,0,0,Waray,,
158350,TRUE,8.00117463,124.28140167,12,3,4,0,0,0,0,0,0,0,3,0,0,Waray,,
157963,TRUE,8.00122923,124.26362903,18,2,6,1,0,0,0,1,0,0,3,0,0,Waray,,
158268,TRUE,8.00122923,124.26362903,18,2,6,1,0,0,0,1,0,0,3,0,0,Waray,,
35323,TRUE,8.0362326,126.0626531,12,2,4,0,0,0,0,0,0,0,4,0,0,Waray,Waray,
35367,TRUE,8.0362326,126.0626531,12,2,4,0,0,0,0,0,0,0,4,0,0,Waray,Waray,
36908,TRUE,8.0362326,126.0626531,12,2,4,0,0,0,0,0,0,0,4,0,0,Waray,Waray,
36919,TRUE,8.0362326,126.0626531,12,2,4,0,0,0,0,0,0,0,4,0,0,Waray,Waray,
95379,TRUE,8.0362326,126.0626531,12,2,4,0,0,0,0,0,0,0,4,0,0,Waray,Waray,
96542,TRUE,8.0362326,126.0626531,12,2,4,0,0,0,0,0,0,0,4,0,0,Waray,Waray,
96553,TRUE,8.0362326,126.0626531,12,2,4,0,0,0,0,0,0,0,4,0,0,Waray,Waray,
158643,TRUE,8.0362326,126.0626531,12,2,4,0,0,0,0,0,0,0,4,0,0,Waray,Waray,
156253,TRUE,8.0964864,123.4877575,12,1,3,4,0,0,0,0,0,0,1,0,0,Tagalog,Tagalog,
156344,TRUE,8.0964864,123.4877575,12,1,3,4,0,0,0,0,0,0,1,0,0,Tagalog,Tagalog,
157671,TRUE,8.0964864,123.4877575,12,1,3,4,0,0,0,0,0,0,1,0,0,Tagalog,Tagalog,
157792,TRUE,8.0964864,123.4877575,12,1,3,4,0,0,0,0,0,0,1,0,0,Tagalog,Tagalog,
212775,TRUE,8.0964864,123.4877575,12,1,3,4,0,0,0,0,0,0,1,0,0,Tagalog,Tagalog,
213009,TRUE,8.0964864,123.4877575,12,1,3,4,0,0,0,0,0,0,1,0,0,Tagalog,Tagalog,
214042,TRUE,8.0964864,123.4877575,12,1,3,4,0,0,0,0,0,0,1,0,0,Tagalog,Tagalog,
214272,TRUE,8.0964864,123.4877575,12,1,3,4,0,0,0,0,0,0,1,0,0,Tagalog,Tagalog,
34886,TRUE,8.1208824,125.1278213,21,7,5,0,0,4,0,0,0,0,0,0,0,Cebuano,Cebuano,
34888,TRUE,8.1208824,125.1278213,12,3,1,0,0,4,1,1,0,0,0,0,0,Cebuano,Cebuano,
35064,TRUE,8.1208824,125.1278213,21,7,5,0,0,4,0,0,0,0,0,0,0,Cebuano,Cebuano,
35066,TRUE,8.1208824,125.1278213,12,3,1,0,0,4,1,1,0,0,0,0,0,Cebuano,Cebuano,
35240,TRUE,8.1208824,125.1278213,21,7,5,0,0,4,0,0,0,0,0,0,0,Cebuano,Cebuano,
35242,TRUE,8.1208824,125.1278213,12,3,1,0,0,4,1,1,0,0,0,0,0,Cebuano,Cebuano,
94895,TRUE,8.1217679,125.1277002,8,2,2,0,0,3,0,0,0,0,0,0,0,Cebuano,,
95052,TRUE,8.1217679,125.1277002,8,2,2,0,0,3,0,0,0,0,0,0,0,Cebuano,,
95209,TRUE,8.1217679,125.1277002,8,2,2,0,0,3,0,0,0,0,0,0,0,Cebuano,,
157101,TRUE,8.1217679,125.1277002,8,2,2,0,0,3,0,0,0,0,0,0,0,Cebuano,,
157271,TRUE,8.1217679,125.1277002,8,2,2,0,0,3,0,0,0,0,0,0,0,Cebuano,,
157441,TRUE,8.1217679,125.1277002,8,2,2,0,0,3,0,0,0,0,0,0,0,Cebuano,,
94932,TRUE,8.1542654,125.1241777,12,5,3,0,0,0,0,0,3,0,0,0,0,Kapampangan,,
95089,TRUE,8.1542654,125.1241777,12,5,3,0,0,0,0,0,3,0,0,0,0,Kapampangan,,
95246,TRUE,8.1542654,125.1241777,12,5,3,0,0,0,0,0,3,0,0,0,0,Kapampangan,,
157138,TRUE,8.1542654,125.1241777,12,5,3,0,0,0,0,0,3,0,0,0,0,Kapampangan,,
157308,TRUE,8.1542654,125.1241777,12,5,3,0,0,0,0,0,3,0,0,0,0,Kapampangan,,
157478,TRUE,8.1542654,125.1241777,12,5,3,0,0,0,0,0,3,0,0,0,0,Kapampangan,,
94831,TRUE,8.19183664,124.17909375,13,8,2,0,3,0,0,0,0,0,0,0,0,Bikol,,
94857,TRUE,8.19183664,124.17909375,13,8,2,0,3,0,0,0,0,0,0,0,0,Bikol,,
34319,TRUE,8.22356137,124.25303915,16,3,6,1,0,3,0,0,0,0,0,0,0,Cebuano,,
34542,TRUE,8.22356137,124.25303915,16,3,6,1,0,3,0,0,0,0,0,0,0,Cebuano,,
93318,TRUE,8.24910278,123.84432983,5,1,1,0,0,3,0,0,0,0,0,0,0,Cebuano,,
93507,TRUE,8.24910278,123.84432983,5,1,1,0,0,3,0,0,0,0,0,0,0,Cebuano,,
154409,TRUE,8.24910278,123.84432983,5,1,1,0,0,3,0,0,0,0,0,0,0,Cebuano,,
154877,TRUE,8.24910278,123.84432983,5,1,1,0,0,3,0,0,0,0,0,0,0,Cebuano,,
33317,TRUE,8.3351677,124.2543502,14,1,9,3,0,0,0,0,0,0,0,0,0,Tagalog,,
93747,TRUE,8.3351677,124.2543502,14,1,9,3,0,0,0,0,0,0,0,0,0,Tagalog,,
34130,TRUE,8.43666856,125.98443761,12,4,3,0,0,3,0,0,1,0,0,0,0,Cebuano,,
34164,TRUE,8.43666856,125.98443761,12,4,3,0,0,3,0,0,1,0,0,0,0,Cebuano,,
153696,TRUE,8.4947584,124.6204597,15,5,4,0,1,4,0,0,0,0,0,0,0,Cebuano,Cebuano,
153901,TRUE,8.4947584,124.6204597,15,5,4,0,1,4,0,0,0,0,0,0,0,Cebuano,Cebuano,
155298,TRUE,8.4947584,124.6204597,15,5,4,0,1,4,0,0,0,0,0,0,0,Cebuano,Cebuano,
155473,TRUE,8.4947584,124.6204597,15,5,4,0,1,4,0,0,0,0,0,0,0,Cebuano,Cebuano,
155680,TRUE,8.4947584,124.6204597,15,5,4,0,1,4,0,0,0,0,0,0,0,Cebuano,Cebuano,
94612,TRUE,8.5063904,125.9812729,12,2,5,0,0,0,0,0,0,0,3,0,0,Waray,,
94657,TRUE,8.5063904,125.9812729,12,2,5,0,0,0,0,0,0,0,3,0,0,Waray,,
94700,TRUE,8.5063904,125.9812729,12,2,5,0,0,0,0,0,0,0,3,0,0,Waray,,
32172,TRUE,8.5441873,123.3639204,19,4,5,0,0,1,0,0,0,0,4,0,0,Waray,Waray,
32335,TRUE,8.5441873,123.3639204,19,4,5,0,0,1,0,0,0,0,4,0,0,Waray,Waray,
32498,TRUE,8.5441873,123.3639204,19,4,5,0,0,1,0,0,0,0,4,0,0,Waray,Waray,
92104,TRUE,8.5441873,123.3639204,19,4,5,0,0,1,0,0,0,0,4,0,0,Waray,Waray,
92278,TRUE,8.5441873,123.3639204,19,4,5,0,0,1,0,0,0,0,4,0,0,Waray,Waray,
92452,TRUE,8.5441873,123.3639204,19,4,5,0,0,1,0,0,0,0,4,0,0,Waray,Waray,
32704,TRUE,8.5757758,124.370094,6,0,0,0,0,3,0,0,0,0,1,0,0,Cebuano,,
92584,TRUE,8.5757758,124.370094,6,0,0,0,0,3,0,0,0,0,1,0,0,Cebuano,,
32288,TRUE,8.5818366,123.3387136,15,4,6,0,0,3,0,0,0,0,0,0,0,Cebuano,,
32451,TRUE,8.5818366,123.3387136,15,4,6,0,0,3,0,0,0,0,0,0,0,Cebuano,,
32610,TRUE,8.5818366,123.3387136,15,4,6,0,0,3,0,0,0,0,0,0,0,Cebuano,,
32776,TRUE,8.609372,124.89155868,16,2,6,3,0,0,0,1,0,0,1,0,0,Tagalog,,
32869,TRUE,8.609372,124.89155868,16,2,6,3,0,0,0,1,0,0,1,0,0,Tagalog,,
32955,TRUE,8.609372,124.89155868,16,2,6,3,0,0,0,1,0,0,1,0,0,Tagalog,,
31351,TRUE,8.67472,117.593,12,0,7,3,1,0,0,0,0,0,0,0,1,Tagalog,,
31397,TRUE,8.67472,117.593,12,0,7,3,1,0,0,0,0,0,0,0,1,Tagalog,,
91135,TRUE,8.67472,117.593,12,0,7,3,1,0,0,0,0,0,0,0,1,Tagalog,,
91174,TRUE,8.67472,117.593,12,0,7,3,1,0,0,0,0,0,0,0,1,Tagalog,,
210486,TRUE,8.7173659,125.7502585,19,2,6,0,0,3,2,0,0,0,1,0,0,Cebuano,,
210637,TRUE,8.7173659,125.7502585,19,2,6,0,0,3,2,0,0,0,1,0,0,Cebuano,,
210723,TRUE,8.7173659,125.7502585,19,2,6,0,0,3,2,0,0,0,1,0,0,Cebuano,,
211158,TRUE,8.7173659,125.7502585,19,2,6,0,0,3,2,0,0,0,1,0,0,Cebuano,,
211234,TRUE,8.7173659,125.7502585,19,2,6,0,0,3,2,0,0,0,1,0,0,Cebuano,,
210794,TRUE,8.8887685,126.3101773,14,3,2,1,0,0,0,0,1,0,3,0,0,Waray,,
210805,TRUE,8.8887685,126.3101773,14,3,2,1,0,0,0,0,1,0,3,0,0,Waray,,
90815,TRUE,8.91830794,125.54042019,12,2,3,0,0,0,0,0,0,0,3,0,0,Waray,,
90987,TRUE,8.91830794,125.54042019,12,2,3,0,0,0,0,0,0,0,3,0,0,Waray,,
91464,TRUE,8.91830794,125.54042019,12,2,3,0,0,0,0,0,0,0,3,0,0,Waray,,
91652,TRUE,8.91830794,125.54042019,12,2,3,0,0,0,0,0,0,0,3,0,0,Waray,,
91715,TRUE,8.91830794,125.54042019,12,2,3,0,0,0,0,0,0,0,3,0,0,Waray,,
153142,TRUE,8.91830794,125.54042019,12,2,3,0,0,0,0,0,0,0,3,0,0,Waray,,
152050,TRUE,8.9402022,125.53740837,8,2,1,0,0,3,0,0,0,0,0,0,0,Cebuano,,
152234,TRUE,8.9402022,125.53740837,8,2,1,0,0,3,0,0,0,0,0,0,0,Cebuano,,
152765,TRUE,8.9402022,125.53740837,8,2,1,0,0,3,0,0,0,0,0,0,0,Cebuano,,
153009,TRUE,8.9402022,125.53740837,8,2,1,0,0,3,0,0,0,0,0,0,0,Cebuano,,
210607,TRUE,8.9402022,125.53740837,8,2,1,0,0,3,0,0,0,0,0,0,0,Cebuano,,
210542,TRUE,8.94095172,125.52346467,16,6,3,0,0,3,1,0,0,0,0,0,0,Cebuano,,
210683,TRUE,8.94095172,125.52346467,16,6,3,0,0,3,1,0,0,0,0,0,0,Cebuano,,
210515,TRUE,8.9411064,125.538431,6,1,0,0,0,3,0,0,0,0,0,0,1,Cebuano,,
210658,TRUE,8.9411064,125.538431,6,1,0,0,0,3,0,0,0,0,0,0,1,Cebuano,,
152023,TRUE,8.9500384,125.5418851,8,5,0,0,0,0,0,0,3,0,0,0,0,Kapampangan,,
152207,TRUE,8.9500384,125.5418851,8,5,0,0,0,0,0,0,3,0,0,0,0,Kapampangan,,
90950,TRUE,9.0686838,126.1963658,13,3,2,0,0,1,0,0,0,0,3,0,0,Waray,,
91037,TRUE,9.0686838,126.1963658,13,3,2,0,0,1,0,0,0,0,3,0,0,Waray,,
210091,FALSE,9.0730551,126.1941133,16,2,9,3,0,0,0,0,0,0,0,0,0,Tagalog,,
30585,TRUE,9.2481459,124.718429,20,12,0,0,0,0,0,0,0,0,8,0,0,Waray,Waray,Waray
90255,TRUE,9.2481459,124.718429,20,12,0,0,0,0,0,0,0,0,8,0,0,Waray,Waray,Waray
151539,FALSE,9.2481778,124.718417,10,3,3,3,0,0,0,0,0,0,0,0,1,Tagalog,,
208139,TRUE,9.29806262,123.30461285,11,1,5,0,0,0,3,0,0,0,1,0,0,Hiligaynon,,
208393,TRUE,9.29806262,123.30461285,11,1,5,0,0,0,3,0,0,0,1,0,0,Hiligaynon,,
28934,TRUE,9.30972424,123.30284592,8,0,3,0,0,3,0,0,0,0,0,0,0,Cebuano,,
29131,TRUE,9.30972424,123.30284592,8,0,3,0,0,3,0,0,0,0,0,0,0,Cebuano,,
30024,TRUE,9.30972424,123.30284592,8,0,3,0,0,3,0,0,0,0,0,0,0,Cebuano,,
30200,TRUE,9.30972424,123.30284592,8,0,3,0,0,3,0,0,0,0,0,0,0,Cebuano,,
30371,TRUE,9.30972424,123.30284592,8,0,3,0,0,3,0,0,0,0,0,0,0,Cebuano,,
150705,TRUE,9.31716155,123.28012454,7,1,1,0,0,3,0,0,0,0,1,0,0,Cebuano,,
208991,TRUE,9.31716155,123.28012454,7,1,1,0,0,3,0,0,0,0,1,0,0,Cebuano,,
208177,TRUE,9.32697683,123.30576057,13,0,3,0,0,3,0,0,0,0,2,0,0,Cebuano,,
208439,TRUE,9.32697683,123.30576057,13,0,3,0,0,3,0,0,0,0,2,0,0,Cebuano,,
208648,TRUE,9.32697683,123.30576057,13,0,3,0,0,3,0,0,0,0,2,0,0,Cebuano,,
29431,TRUE,9.3282187,123.2971957,10,1,5,3,0,0,0,0,0,0,0,0,0,Tagalog,,
89788,TRUE,9.3282187,123.2971957,10,1,5,3,0,0,0,0,0,0,0,0,0,Tagalog,,
89569,FALSE,9.3341454,123.2836058,9,1,3,0,0,0,0,0,0,1,3,0,0,Waray,,
29959,TRUE,9.3454251,125.9672336,15,4,7,0,0,0,0,0,0,0,3,0,0,Waray,,
29960,TRUE,9.3454251,125.9672336,19,3,5,3,0,1,0,0,1,0,2,0,0,Tagalog,,
208225,TRUE,9.3876704,122.8277198,10,0,6,3,0,0,0,0,0,0,0,0,0,Tagalog,,
208489,TRUE,9.3876704,122.8277198,10,0,6,3,0,0,0,0,0,0,0,0,0,Tagalog,,
150113,TRUE,9.43815311,118.54785769,16,1,8,3,0,0,0,0,0,0,0,0,1,Tagalog,,
208085,TRUE,9.43815311,118.54785769,16,1,8,3,0,0,0,0,0,0,0,0,1,Tagalog,,
150127,TRUE,9.4646932,123.2227759,15,5,7,3,0,0,0,0,0,0,0,0,0,Tagalog,,
150321,TRUE,9.4646932,123.2227759,15,5,7,3,0,0,0,0,0,0,0,0,0,Tagalog,,
150527,TRUE,9.4646932,123.2227759,15,5,7,3,0,0,0,0,0,0,0,0,0,Tagalog,,
208815,TRUE,9.4646932,123.2227759,15,5,7,3,0,0,0,0,0,0,0,0,0,Tagalog,,
207276,TRUE,9.5486287,123.7734853,4,0,0,0,0,0,0,3,0,0,0,0,0,Ilocano,,
207537,TRUE,9.5486287,123.7734853,4,0,0,0,0,0,0,3,0,0,0,0,0,Ilocano,,
207780,TRUE,9.5486287,123.7734853,4,0,0,0,0,0,0,3,0,0,0,0,0,Ilocano,,
29627,TRUE,9.5619081,123.4564129,18,3,4,2,0,1,0,0,0,0,3,0,0,Waray,,
29877,TRUE,9.5619081,123.4564129,18,3,4,2,0,1,0,0,0,0,3,0,0,Waray,,
29932,TRUE,9.5619081,123.4564129,18,3,4,2,0,1,0,0,0,0,3,0,0,Waray,,
90034,TRUE,9.5619081,123.4564129,18,3,4,2,0,1,0,0,0,0,3,0,0,Waray,,
90093,TRUE,9.5619081,123.4564129,18,3,4,2,0,1,0,0,0,0,3,0,0,Waray,,
28849,TRUE,9.6043101,125.9727125,16,3,2,0,0,0,0,0,0,0,4,0,1,Waray,Waray,
89436,TRUE,9.6043101,125.9727125,16,3,2,0,0,0,0,0,0,0,4,0,1,Waray,Waray,
150074,TRUE,9.6043101,125.9727125,14,1,5,3,0,0,0,0,0,0,1,0,0,Tagalog,,
150077,TRUE,9.6043101,125.9727125,16,3,2,0,0,0,0,0,0,0,4,0,1,Waray,Waray,
208055,TRUE,9.6043101,125.9727125,14,1,5,3,0,0,0,0,0,0,1,0,0,Tagalog,,
208058,TRUE,9.6043101,125.9727125,16,3,2,0,0,0,0,0,0,0,4,0,1,Waray,Waray,
150075,TRUE,9.62115862,125.9603557,7,1,1,3,0,0,0,0,0,0,0,0,0,Tagalog,,
208056,TRUE,9.62115862,125.9603557,7,1,1,3,0,0,0,0,0,0,0,0,0,Tagalog,,
89253,TRUE,9.6446531,124.3621701,16,2,7,3,0,1,0,1,0,0,0,0,1,Tagalog,,
89340,TRUE,9.6446531,124.3621701,16,2,7,3,0,1,0,1,0,0,0,0,1,Tagalog,,
149890,FALSE,9.6469206,123.8556788,14,5,2,0,0,1,0,0,0,0,3,0,0,Waray,,
147867,TRUE,9.7346661,118.7355922,7,1,0,0,4,0,0,0,0,0,1,0,0,Bikol,Bikol,
148004,TRUE,9.7346661,118.7355922,7,1,0,0,4,0,0,0,0,0,1,0,0,Bikol,Bikol,
148734,TRUE,9.7346661,118.7355922,7,1,0,0,4,0,0,0,0,0,1,0,0,Bikol,Bikol,
147840,TRUE,9.7382823,118.7372678,11,0,6,3,0,0,0,0,0,0,0,0,0,Tagalog,,
147977,TRUE,9.7382823,118.7372678,11,0,6,3,0,0,0,0,0,0,0,0,0,Tagalog,,
148713,TRUE,9.7382823,118.7372678,11,0,6,3,0,0,0,0,0,0,0,0,0,Tagalog,,
